,10,100,1000,5000,10000,15000,10,100,1000,5000,10000,15000
Append to linked list vs array
n,llist,array
0,2,18,682,12941,52472,111519,1,0,23,3,6,8
1,1,17,620,13397,50923,110966,0,1,8,3,6,6
2,1,18,655,13623,52236,111822,1,0,6,4,6,8
3,2,18,686,13178,51322,111711,0,0,4,4,7,9
4,1,18,679,13028,49974,112221,1,0,5,5,7,8
5,2,18,625,13032,50278,111662,0,1,5,6,7,7
6,2,18,624,12869,50902,111109,0,0,20,3,8,8
7,1,18,630,13175,49971,111103,0,0,5,4,7,7
8,2,18,643,12905,50086,111106,3,0,5,4,7,9
9,2,18,643,13024,49718,111674,1,1,4,3,7,8
10,2,18,654,12890,49771,111452,1,0,4,3,8,76
11,2,18,639,12915,50391,111923,0,1,6,6,8,10
12,1,18,639,13123,49866,111223,1,0,7,39,7,7
13,1,17,647,12856,50070,111283,1,1,8,5,13,7
14,1,16,644,13073,50135,111170,0,1,9,105,7,7
15,2,17,651,12846,49748,112320,0,0,9,3,8,8
16,1,17,648,12957,50110,111214,1,1,6,3,7,7
17,2,18,643,12872,49891,111727,0,1,3,3,8,8
18,1,17,643,12921,50271,111312,0,1,95,3,7,7
19,2,17,638,12989,50972,110885,0,0,49,3,7,7
20,1,17,639,12981,50000,111808,0,1,3,3,60,6
21,1,18,656,12931,50280,111628,1,1,2,3,5,5
22,2,18,638,12943,50087,110997,0,0,2,5,5,7
23,2,17,635,12911,50399,111137,0,1,2,4,5,10
24,2,18,642,12934,50107,111422,1,1,2,3,5,33
25,2,17,636,13163,49748,110889,0,1,6,4,4,11
26,2,17,631,12967,49563,112211,1,1,2,3,5,7
27,2,18,648,12937,49739,112208,1,0,1,3,4,5
28,1,17,636,12894,49870,111092,1,1,2,4,3,6
29,1,18,635,12938,49617,111372,0,0,2,3,3,6
30,1,17,636,13516,49675,111429,0,1,2,3,3,3
31,2,17,633,12929,49801,111064,1,0,1,4,4,5
32,1,17,638,13207,49668,112277,1,1,1,3,4,5
33,2,18,632,13027,50289,111957,0,0,2,3,3,5
34,2,20,642,13248,49829,111257,0,1,1,4,3,4
35,1,18,650,13292,50510,111168,0,0,1,4,3,3
36,2,17,632,12900,50128,111047,1,0,1,3,3,4
37,1,18,638,13215,49494,110700,0,0,1,4,3,4
38,2,17,648,13071,49999,112765,0,1,1,4,4,4
39,2,18,636,13038,49684,111730,0,1,1,3,3,5
40,2,18,639,12970,50455,111338,1,0,1,3,5,57
41,1,18,643,12918,50592,110958,0,1,0,4,4,4
42,6,18,641,12922,49875,112836,1,1,1,2,3,3
43,1,17,632,13468,50215,112862,0,0,0,2,3,5
44,2,17,639,13127,49769,114611,0,1,1,3,63,4
45,2,17,637,13101,49951,111492,1,1,1,3,49,3
46,2,17,635,13100,50427,110827,0,1,0,3,4,4
47,2,17,635,12894,50071,113451,1,1,2,4,3,2
48,2,17,639,13227,50500,113345,1,1,1,2,4,4
49,2,18,666,12871,49916,110514,0,1,1,3,3,3
50,2,17,637,12975,50849,114972,0,1,1,4,3,3
51,2,19,668,13122,51679,111455,1,0,2,4,4,3
52,2,17,646,13677,49788,111145,0,0,1,3,3,3
53,2,17,638,13041,50497,111355,0,0,2,4,3,4
54,1,17,639,12945,49883,111487,0,1,1,3,4,5
55,2,18,639,12921,49604,111595,0,7,1,3,3,16
56,1,17,631,13290,50010,111389,0,0,1,3,3,4
57,2,20,635,12924,49933,110637,1,0,1,3,3,4
58,2,20,640,13229,49785,111753,1,0,1,3,3,4
59,2,17,635,12963,50407,110883,1,0,2,40,4,4
60,2,19,634,12924,51028,111256,0,0,0,30,4,3
61,1,18,632,13269,50671,111323,1,1,1,5,3,4
62,2,19,641,12999,49591,111255,1,0,1,3,4,4
63,4,18,657,12898,49759,110686,1,1,1,2,3,3
64,1,17,638,13244,49469,112274,1,1,2,2,3,4
65,2,18,635,12909,49693,111596,1,0,2,2,3,3
66,2,18,641,12940,52127,111665,0,1,0,2,37,3
67,1,18,634,12890,49832,111454,0,1,2,2,9,4
68,2,18,634,12937,50266,110526,0,1,2,2,4,3
69,1,18,641,13532,50119,111082,1,0,2,2,3,8
70,1,18,634,13089,50115,110675,1,1,3,2,3,4
71,2,18,633,13377,49645,109402,0,1,3,2,3,19
72,1,18,633,12958,49716,110600,1,1,1,3,3,4
73,2,17,633,12946,50282,110339,0,0,1,2,3,3
74,2,20,635,13450,49796,110383,1,1,2,2,3,5
75,2,18,637,12887,50072,109675,0,1,2,3,3,4
76,1,18,643,12993,49876,110048,1,0,1,2,4,4
77,2,17,656,13180,50023,110491,1,1,2,2,3,3
78,2,18,637,12975,50164,110498,0,0,2,2,3,3
79,1,18,853,13717,49958,110364,0,1,1,2,3,4
80,2,17,609,13001,50513,111450,1,1,0,2,3,4
81,2,17,609,12893,49732,111267,1,1,1,2,4,4
82,2,18,612,12869,49971,110955,1,1,2,2,3,3
83,2,18,608,12906,50265,111485,1,1,2,2,2,3
84,2,17,609,13231,49709,111172,0,1,2,2,2,3
85,1,17,605,12884,50344,111093,0,1,2,2,3,4
86,2,17,605,12889,50389,111702,1,1,2,2,2,23
87,2,18,606,12891,49769,111542,1,1,2,2,3,6
88,2,18,622,12936,50083,112233,1,0,2,2,11,4
89,2,16,608,13042,49673,111453,1,1,2,2,4,4
90,1,17,628,13875,51620,111576,1,1,1,2,33,4
91,2,18,624,13113,51538,111751,0,1,2,2,3,4
92,1,18,611,13370,51564,111869,0,0,2,2,3,4
93,2,17,613,12961,50696,111163,0,0,1,2,2,4
94,2,17,622,12985,50229,111665,1,1,2,2,2,4
95,1,18,626,12972,51158,111490,1,1,4,2,3,4
96,1,16,610,13080,49690,111162,1,1,1,1,2,3
97,2,17,619,13101,49861,111161,0,1,2,2,2,3
98,1,18,612,13081,49648,110963,1,1,1,2,3,3
99,2,18,634,12889,50656,111434,0,1,2,2,2,4
100,2,18,629,13066,49801,111909,1,0,2,2,2,16
101,2,18,610,13119,49920,111142,0,0,2,2,2,5
102,2,18,609,12950,50600,114665,1,1,2,2,3,4
103,2,17,629,13204,49718,111432,1,1,1,2,2,4
104,2,18,639,12939,50187,110524,0,1,1,2,2,3
105,1,18,621,13288,49924,110377,1,0,1,17,3,4
106,1,18,613,12887,49787,110880,0,1,0,2,4,3
107,2,17,616,13194,49865,110795,1,0,2,2,3,3
108,2,18,653,12922,49577,110040,0,1,1,2,3,3
109,2,18,616,12929,50969,112144,0,0,1,2,5,3
110,2,17,613,12954,50263,111727,0,1,1,2,2,4
111,1,17,612,12896,50012,111315,0,0,1,3,3,3
112,2,20,609,12865,49571,111320,1,1,1,2,3,4
113,2,19,614,13054,50357,111604,0,1,1,2,2,4
114,2,19,624,12945,49828,111014,0,1,2,2,3,4
115,2,21,613,12874,50046,111291,1,0,1,2,2,23
116,1,23,627,13230,49927,111927,1,0,1,3,3,4
117,2,21,625,12980,49822,111951,1,0,1,2,3,3
118,2,19,609,13198,50071,111785,0,1,1,2,3,3
119,2,20,619,13357,49705,110677,0,1,2,2,2,2
120,2,20,623,13852,50144,110225,0,1,1,2,3,3
121,2,20,615,13372,49699,110789,1,1,2,2,2,4
122,1,18,611,13034,49852,112362,1,1,1,2,2,3
123,2,17,623,13057,50126,111184,1,0,1,3,2,4
124,2,18,616,13075,49809,111667,0,1,1,2,4,3
125,2,19,612,13110,50054,111457,1,1,2,2,2,3
126,2,17,611,12933,49807,111014,1,1,1,2,2,2
127,2,18,610,12939,50304,111518,0,4,1,2,3,3
128,1,18,645,12883,50199,112309,0,1,0,2,2,4
129,2,18,610,13488,49888,111828,0,1,1,2,7,34
130,2,19,613,12969,49707,111965,1,0,0,2,2,4
131,2,19,609,13066,49709,111693,0,1,4,2,2,4
132,2,18,615,12998,50140,110806,0,1,2,2,32,5
133,2,18,610,13019,50377,111655,0,0,2,2,7,4
134,2,18,615,13122,49852,111913,0,1,2,1,2,3
135,1,17,611,12967,50152,111253,0,1,1,2,3,4
136,2,17,613,12989,50214,111371,1,1,2,2,2,3
137,1,18,623,13148,50154,111549,1,1,2,2,2,3
138,2,19,625,12879,49777,111306,0,0,1,2,2,3
139,2,18,607,12977,49822,112053,0,1,0,2,2,3
140,2,18,625,12936,49976,112922,0,1,2,2,2,3
141,1,17,750,12979,50414,110843,0,0,2,2,3,3
142,2,18,641,13116,50266,111407,0,1,1,2,2,3
143,2,18,617,12900,50521,112075,1,0,2,3,3,11
144,2,17,609,13931,49982,110952,0,0,2,2,2,8
145,2,18,614,13000,50824,111650,0,2,1,2,3,5
146,2,17,614,12909,50211,111352,0,1,2,2,2,7
147,1,17,638,12929,50959,114315,0,1,1,4,3,4
148,2,18,613,12937,49945,110338,0,0,1,2,2,5
149,2,18,616,12851,50157,111253,0,0,3,2,12,5
150,2,18,646,13141,50308,110327,0,1,1,17,8,6
151,2,18,627,12998,49839,110123,1,1,2,2,2,6
152,2,19,620,13039,49896,111857,0,1,3,2,3,5
153,2,17,614,13085,49873,110989,0,7,3,2,3,5
154,2,18,632,12903,51056,111167,0,1,2,2,3,5
155,2,18,609,13567,49953,111923,1,0,3,2,5,4
156,2,18,615,12934,49762,111278,0,0,2,2,2,6
157,2,18,642,12966,50093,111151,0,1,3,2,2,15
158,1,18,623,12948,50352,111326,0,1,2,2,2,4
159,1,18,612,12888,49791,110941,1,1,2,1,2,3
160,2,18,625,12983,49877,111525,0,1,2,2,2,3
161,2,19,613,12938,49600,111981,0,1,3,2,3,3
162,1,18,616,12990,49671,110719,0,0,2,2,2,3
163,2,18,621,13246,50326,110765,0,1,2,2,2,3
164,2,17,621,12865,49771,112195,0,0,2,2,2,2
165,2,18,650,13005,50389,110959,0,1,2,2,2,4
166,1,18,618,12882,49946,111175,1,1,2,2,2,3
167,2,17,614,12947,52087,111353,0,1,4,2,2,4
168,2,18,911,13187,49675,111303,1,0,2,2,2,3
169,2,17,610,13059,51959,111390,0,1,2,2,18,4
170,1,18,617,13432,50119,110444,1,1,2,2,33,3
171,2,18,623,12925,49353,110270,1,1,3,1,3,7
172,2,17,611,12890,49469,110655,0,1,2,1,2,24
173,2,17,609,13001,49558,110315,0,1,2,2,2,4
174,2,20,622,12890,49729,109891,0,1,1,2,2,4
175,2,18,622,12874,49879,110631,1,1,2,2,3,4
176,2,17,622,12864,49313,111561,1,1,2,2,2,4
177,2,18,864,12875,50189,110973,1,1,2,2,3,4
178,2,17,633,12991,49709,111456,0,1,3,2,2,3
179,2,18,677,12883,49821,111326,1,1,11,1,3,3
180,2,19,615,12881,50454,111464,0,2,3,2,2,4
181,1,20,618,13816,49942,111221,1,0,2,2,2,3
182,2,18,611,13050,50166,111886,0,1,5,2,2,3
183,2,17,613,13863,49756,111011,0,1,6,1,3,4
184,1,19,620,12906,49791,111415,0,1,3,2,2,4
185,2,18,617,12945,49939,111268,0,1,9,2,2,14
186,1,18,610,12941,49891,111106,1,0,5,2,2,5
187,2,17,609,12928,49527,110978,1,1,4,2,3,4
188,2,18,624,12926,49274,111728,3,0,3,1,2,4
189,1,18,642,13280,49591,111167,1,2,2,1,6,4
190,2,18,621,12864,49324,113248,1,1,3,2,6,3
191,2,18,623,12914,49265,111541,1,0,4,1,31,3
192,1,20,618,12883,49722,110541,0,1,2,2,5,3
193,2,18,613,12901,49235,112332,1,0,3,2,4,3
194,1,18,678,13247,50170,111045,0,0,2,1,4,3
195,1,17,634,12854,49854,110617,1,1,2,1,4,3
196,2,17,635,13392,50144,110943,1,0,2,2,4,3
197,2,18,633,12863,50143,110891,1,1,5,11,3,3
198,8,17,638,12908,49582,110988,1,0,2,3,3,3
199,2,18,636,12926,49681,111564,0,0,1,2,4,6
200,2,19,635,13033,50230,111296,1,1,2,1,4,3
201,2,18,633,12878,50502,110638,1,1,3,2,3,4
202,2,19,636,12991,49904,110885,1,0,1,2,2,4
203,2,17,641,12976,49839,112035,0,0,2,2,4,4
204,2,18,633,13137,51020,110867,0,1,1,2,4,4
205,2,17,638,12890,49835,110710,0,0,2,1,3,4
206,2,18,611,12932,49990,112367,1,0,1,2,4,4
207,2,18,615,13301,49947,111353,0,1,1,2,4,4
208,2,20,625,12908,49840,111359,0,1,2,1,3,4
209,2,18,629,13865,50400,111212,0,0,2,1,10,4
210,2,17,614,13080,49906,111043,1,0,2,2,5,4
211,2,18,625,12917,50515,111364,0,1,2,2,3,5
212,1,18,655,12925,49862,111822,0,0,1,1,3,4
213,2,18,613,13111,49639,111624,0,0,1,1,3,28
214,2,18,610,12989,50436,111252,1,1,1,2,3,32
215,2,18,616,12977,49843,111182,1,0,2,2,3,6
216,1,17,617,12917,49559,111410,0,0,1,2,2,5
217,2,19,621,12909,50172,111222,0,0,2,1,2,3
218,2,17,643,13286,49546,111749,1,1,1,2,3,4
219,2,34,613,12919,49969,111266,0,1,1,1,3,4
220,2,20,675,13022,50308,111292,1,1,1,1,2,3
221,1,20,621,12899,50156,110928,0,1,32,2,3,5
222,2,18,625,13291,50445,110800,0,0,2,1,3,5
223,2,18,614,12901,49864,111238,0,0,3,2,3,5
224,2,17,614,13066,49843,111473,1,0,3,2,3,5
225,2,18,617,13011,49731,111555,0,0,4,2,3,4
226,2,17,610,13011,50132,112019,0,1,40,2,3,22
227,2,18,610,13000,49849,111609,0,0,1,2,3,7
228,2,19,621,13092,50190,110741,0,0,3,1,3,6
229,2,19,613,13005,49969,111517,0,1,2,1,28,5
230,2,20,611,13034,50059,114807,0,0,2,2,30,5
231,2,20,616,13164,49953,109842,0,1,2,2,3,7
232,2,21,645,12990,50262,109812,0,0,1,2,2,6
233,2,20,610,13103,50244,114581,0,0,1,2,3,4
234,2,20,617,13104,50326,109802,0,0,3,2,4,5
235,2,19,636,13350,49739,110498,0,1,1,2,3,5
236,2,21,635,13337,49933,111966,1,1,1,2,2,6
237,2,24,618,13265,49700,110852,0,1,1,2,2,5
238,2,20,609,13151,49844,111341,0,1,1,2,2,5
239,1,20,613,12970,50097,111491,0,1,1,2,2,4
240,2,21,617,13686,49835,110825,0,0,2,2,4,21
241,2,20,609,13181,50176,111076,0,1,0,2,3,10
242,2,21,610,13075,50064,111242,1,1,2,2,2,10
243,2,21,610,13595,50068,110701,1,1,1,28,4,51
244,2,22,609,13155,50367,110730,0,1,2,6,3,40
245,2,21,612,12848,49833,111374,0,1,1,3,2,6
246,2,21,633,13048,51426,110818,1,1,2,2,3,5
247,1,20,624,13231,49715,110737,0,0,1,2,2,5
248,2,19,617,13037,50077,110870,1,0,0,1,3,5
249,2,250,724,12930,50970,110797,0,1,1,2,3,4
"
"
Append to linked list vs array
n,llist,array
0,9,18,310,506,987,1468,1,2,3,5,7,12
1,10,17,105,499,977,1453,1,1,1,5,7,10
2,10,18,106,500,994,1614,0,1,4,6,7,59
3,10,19,105,529,984,1455,0,0,1,5,6,11
4,9,18,105,535,966,1470,1,1,3,5,10,11
5,9,18,105,508,974,1460,0,0,2,5,31,12
6,9,18,105,499,985,1438,0,1,3,6,9,12
7,9,18,105,498,977,1460,0,0,0,5,9,18
8,10,18,105,497,977,1457,0,2,2,7,8,21
9,9,18,171,503,974,1428,0,1,1,14,9,15
10,9,18,105,497,986,1440,1,1,2,5,7,5
11,12,18,106,501,996,1472,0,0,1,6,8,16
12,11,18,105,499,987,1442,1,0,2,5,7,11
13,10,17,105,499,982,1435,0,0,1,5,8,17
14,12,18,116,505,976,1530,0,0,1,6,9,18
15,11,18,109,506,969,1487,1,1,1,7,7,14
16,9,17,105,508,972,1469,0,1,1,6,9,38
17,10,17,105,496,973,1464,0,2,1,6,6,11
18,9,18,106,499,979,1457,0,1,1,5,7,11
19,9,18,106,506,976,1467,0,0,1,8,6,11
20,9,18,105,498,983,1457,1,1,1,6,7,10
21,10,18,106,499,976,1452,0,0,1,7,8,10
22,9,19,105,499,996,1459,0,1,1,7,8,11
23,9,18,106,508,973,1461,1,1,1,8,9,11
24,9,36,115,499,1008,1478,0,1,1,30,7,4
25,9,18,105,505,985,1458,1,1,1,80,8,9
26,9,18,105,497,974,1468,0,1,1,24,82,11
27,9,17,104,504,1003,1459,0,1,0,5,5,10
28,9,98,105,507,991,1471,0,0,1,3,6,13
29,9,18,105,499,979,1459,0,0,0,5,6,13
30,9,21,105,505,974,1457,0,1,1,7,4,32
31,9,19,107,497,978,1475,0,1,1,5,5,20
32,9,18,106,509,972,1456,1,1,0,5,5,11
33,9,18,104,497,988,1562,0,0,0,6,4,10
34,10,18,156,496,987,1471,1,0,2,6,4,9
35,10,18,105,497,989,1453,0,1,0,6,4,10
36,9,18,119,498,975,1518,1,1,2,7,5,8
37,10,18,108,579,987,1464,0,1,1,6,4,9
38,9,17,105,494,980,1478,0,1,2,6,2,9
39,10,18,106,495,974,1457,0,0,0,7,4,8
40,10,18,106,505,975,1464,1,1,1,5,3,6
41,9,17,106,509,972,1461,0,1,1,7,4,8
42,9,17,105,514,977,1482,0,1,2,5,4,7
43,10,18,106,497,981,1452,1,1,1,7,3,22
44,9,18,105,509,1203,1455,1,1,2,8,4,34
45,10,19,105,495,973,1465,1,1,1,7,16,6
46,9,18,109,495,990,1454,0,1,1,6,58,5
47,9,25,106,501,980,1472,0,0,1,7,4,6
48,9,18,105,498,1185,1450,0,0,1,6,3,6
49,9,18,106,510,972,1466,1,1,1,7,2,4
50,8,18,106,499,987,1452,1,1,1,4,4,4
51,9,18,105,495,976,1468,0,0,1,6,3,4
52,9,18,106,503,990,1452,0,0,2,4,3,4
53,10,18,106,503,1002,1469,0,1,1,5,3,4
54,9,18,105,499,974,1454,0,1,2,6,3,5
55,9,17,104,498,989,1755,1,1,1,4,3,4
56,9,18,130,497,983,1459,1,1,1,5,3,16
57,9,19,116,503,965,1469,0,1,0,5,3,33
58,9,18,106,496,971,1453,0,1,1,6,3,4
59,9,18,105,497,979,1462,1,1,1,5,3,5
60,10,17,106,511,988,1449,0,0,2,6,2,5
61,8,18,106,507,982,1464,1,0,1,6,3,3
62,9,18,106,508,981,1450,0,1,1,8,3,4
63,9,18,105,495,977,1463,0,1,1,125,3,3
64,9,19,106,496,968,1458,0,0,2,4,3,4
65,10,18,105,501,973,1466,0,0,2,5,3,4
66,9,18,106,500,973,1461,1,1,2,5,53,4
67,9,17,105,498,994,1460,1,0,1,5,4,4
68,10,18,119,495,971,1460,0,1,2,5,3,5
69,9,18,106,496,989,1463,1,1,1,5,2,15
70,10,18,104,504,975,1456,0,1,1,5,3,15
71,8,18,104,499,979,1470,1,0,0,5,4,5
72,9,18,105,497,1264,1456,1,1,3,5,3,5
73,9,18,104,499,987,1449,0,1,2,5,3,5
74,9,17,111,498,980,1452,0,1,3,6,3,4
75,10,18,106,524,995,1454,0,1,51,6,3,4
76,9,18,104,512,974,1447,0,1,21,5,3,4
77,9,18,106,497,975,1437,1,0,7,4,3,5
78,9,18,106,496,969,1438,1,1,3,6,4,3
79,9,18,107,501,978,1445,0,0,2,6,3,4
80,9,18,112,498,968,1442,1,1,1,5,3,3
81,10,18,278,511,999,1438,0,1,2,5,3,3
82,16,18,105,498,957,1617,1,1,2,6,3,17
83,9,18,106,495,976,1589,0,1,3,5,3,15
84,9,18,208,499,980,1454,1,0,1,4,3,7
85,9,18,105,521,960,1455,0,1,3,6,15,5
86,9,19,105,506,982,1641,1,0,1,4,9,5
87,11,18,105,498,982,1465,1,1,3,5,4,5
88,11,18,107,510,987,1457,0,1,1,5,4,5
89,9,18,123,507,972,1622,1,2,2,5,3,5
90,10,17,105,537,976,1439,1,0,1,4,4,5
91,9,18,107,541,967,1461,1,1,2,5,3,5
92,10,18,109,514,977,1462,1,1,1,4,3,5
93,9,18,293,496,973,1450,0,1,2,4,3,5
94,10,18,105,495,978,1454,1,1,1,6,2,5
95,9,18,105,498,980,1550,1,1,2,5,3,19
96,9,18,131,501,985,1459,0,1,1,5,3,13
97,9,21,144,499,975,1451,0,0,1,5,3,7
98,9,19,223,499,972,1442,0,1,1,7,3,6
99,9,18,104,497,969,1465,0,1,2,6,3,4
100,9,18,105,516,979,1443,1,1,3,6,3,6
101,9,35,106,521,1382,1447,0,1,1,68,3,5
102,10,21,108,521,984,1462,1,0,0,6,3,5
103,10,18,105,498,1000,1466,1,1,2,4,3,5
104,11,18,105,502,980,1472,0,0,1,5,3,5
105,10,18,104,492,984,1452,0,1,2,4,16,5
106,11,18,105,492,976,1502,0,0,1,3,4,4
107,10,17,104,505,1004,1452,0,1,2,5,4,5
108,10,17,105,498,986,1459,1,0,1,4,3,16
109,13,18,109,506,990,1457,1,1,1,3,3,34
110,10,18,106,505,1014,1473,0,1,1,5,3,4
111,10,18,105,498,979,1458,1,0,1,3,3,7
112,10,17,105,496,985,1479,0,1,1,3,3,6
113,9,18,106,499,974,1586,1,1,2,5,3,5
114,9,18,105,498,977,1454,0,1,2,3,4,4
115,9,18,111,502,971,1461,1,1,2,3,3,6
116,9,17,105,494,974,1464,1,0,1,3,4,6
117,10,19,105,496,979,1461,0,1,3,3,3,7
118,9,18,131,496,1006,1454,0,1,1,4,3,5
119,9,17,106,496,969,1463,1,0,2,4,2,6
120,9,18,105,502,976,1463,0,1,1,4,4,5
121,10,18,105,497,991,1460,1,0,2,3,4,22
122,11,196,105,493,987,1451,0,0,1,3,3,12
123,11,18,105,494,983,1473,1,0,2,3,4,5
124,9,18,105,503,986,1458,1,0,2,3,3,4
125,11,18,105,498,987,1473,0,0,2,3,17,4
126,10,17,104,539,978,1456,1,0,2,3,9,4
127,10,18,116,493,956,1459,0,0,2,3,5,4
128,11,19,105,504,979,1446,1,0,2,4,3,4
129,11,17,105,511,979,1450,0,1,2,4,3,4
130,10,18,104,505,975,1459,1,1,2,3,2,4
131,11,17,104,504,982,1461,0,1,2,4,3,4
132,11,17,105,495,970,1459,1,1,2,3,4,4
133,10,18,106,497,973,1491,0,1,1,3,3,4
134,9,18,106,491,978,1486,0,0,2,4,3,18
135,9,17,105,496,968,1625,1,1,3,4,2,29
136,10,18,113,496,984,1454,0,0,2,3,6,4
137,11,18,105,504,987,1493,0,1,2,4,2,7
138,10,17,114,493,967,1478,1,1,2,3,3,5
139,9,18,105,502,1006,1470,0,1,3,94,4,6
140,9,18,104,495,978,1455,1,1,2,4,3,4
141,8,18,105,495,989,1467,1,0,2,3,4,6
142,9,18,113,495,986,1459,1,0,2,2,3,5
143,12,18,107,494,987,1475,0,0,3,3,4,6
144,10,18,104,508,974,1473,0,0,2,3,4,6
145,11,18,106,493,970,1465,0,0,3,4,17,7
146,11,18,105,497,972,1456,1,1,2,3,4,6
147,11,20,104,503,973,1469,0,0,2,2,5,20
148,12,17,106,492,969,1448,1,1,2,2,4,30
149,13,17,105,496,990,1458,1,0,3,3,4,5
150,10,18,104,498,973,1460,0,0,2,3,4,7
151,12,19,105,502,979,1458,1,0,2,2,3,6
152,10,18,105,495,984,1462,1,2,3,2,3,6
153,11,17,104,495,987,1486,1,0,3,2,3,5
154,10,17,104,495,981,1472,1,1,2,1,3,5
155,9,18,105,502,1012,1455,1,0,3,2,3,5
156,12,18,109,500,976,1461,1,0,2,2,4,5
157,10,20,105,493,980,1466,0,0,2,2,3,5
158,9,23,105,498,1033,1457,0,1,3,2,4,6
159,9,23,105,504,987,1454,1,1,2,2,2,6
160,10,30,104,495,974,1484,0,1,1,5,4,22
161,9,18,141,495,977,1463,1,1,2,2,3,16
162,9,17,105,496,984,1462,0,1,2,2,3,8
163,11,18,115,494,989,1453,1,1,1,2,3,6
164,10,17,109,495,982,1460,1,1,2,1,3,3
165,10,17,113,509,981,1465,1,0,2,2,18,6
166,8,18,106,495,982,1452,1,0,1,2,30,4
167,9,17,105,495,985,1459,0,0,2,3,4,5
168,9,18,105,499,984,1472,1,1,2,2,3,5
169,9,18,105,517,979,1447,0,1,2,2,3,3
170,11,18,104,492,993,1455,0,24,2,2,2,5
171,10,18,105,494,971,1520,0,0,2,1,3,3
172,11,18,104,493,979,1454,1,0,0,2,3,5
173,11,35,104,498,978,1456,0,11,1,2,3,18
174,11,17,116,515,975,1469,0,0,1,2,2,9
175,11,18,111,496,979,1462,0,1,2,2,3,6
176,11,17,106,493,961,1448,1,1,2,3,3,5
177,11,17,106,495,978,1474,0,0,3,49,3,6
178,10,18,104,499,984,1477,1,1,0,6,3,5
179,11,18,104,496,996,1459,0,0,2,4,3,7
180,11,18,105,499,974,1465,0,1,1,2,2,6
181,10,18,105,495,982,1467,0,0,2,3,3,7
182,11,18,105,500,966,1491,0,1,2,1,3,5
183,10,20,104,495,977,1474,1,0,2,3,2,5
184,9,18,113,522,977,1475,1,1,0,2,3,7
185,10,18,105,498,978,1469,0,0,2,2,16,5
186,9,18,105,496,974,1453,0,1,1,3,6,67
187,9,19,105,498,1087,1466,1,0,2,2,15,8
188,11,18,104,518,989,1458,1,1,1,2,3,6
189,23,18,105,492,981,1461,1,1,2,2,4,6
190,12,18,104,493,994,1468,1,1,2,2,4,6
191,11,18,106,496,992,1487,1,0,2,2,4,6
192,9,18,104,498,984,1459,0,0,2,2,3,6
193,9,19,107,496,983,1473,0,0,2,1,4,6
194,9,17,113,506,977,1488,1,0,2,2,4,6
195,9,18,106,501,974,1636,1,1,2,2,3,8
196,9,18,106,495,980,1450,1,0,3,2,3,5
197,9,18,106,512,989,1466,0,0,2,2,3,6
198,9,18,105,496,974,1496,1,1,1,2,4,110
199,9,18,114,500,982,1458,1,1,2,1,3,5
200,10,18,104,496,982,1473,0,0,2,2,3,4
201,9,18,112,519,985,1480,1,0,2,2,4,5
202,9,18,106,495,989,1461,1,1,2,2,3,4
203,9,17,105,505,984,1467,0,0,2,2,4,4
204,9,18,113,495,976,1457,1,1,2,2,3,4
205,9,18,105,503,984,1486,1,1,2,2,44,5
206,9,17,105,499,983,1455,1,1,1,2,5,5
207,9,17,105,509,985,1477,0,0,2,2,4,6
208,8,18,105,493,977,1460,1,0,2,2,3,6
209,9,21,106,492,969,1449,0,1,2,2,3,9
210,9,18,105,510,957,1472,0,0,2,2,3,85
211,9,19,105,503,970,1455,0,0,2,2,3,62
212,9,21,107,513,990,1464,1,0,0,2,3,8
213,9,20,106,495,969,1466,0,0,2,2,4,7
214,9,23,105,497,955,1450,0,1,1,12,2,8
215,9,20,106,498,969,1454,0,1,2,3,3,8
216,8,21,104,497,964,1466,0,1,0,4,4,5
217,9,18,105,494,972,1462,1,0,2,2,3,7
218,9,17,106,506,966,1481,0,1,2,5,4,7
219,9,17,105,506,975,1453,0,0,2,16,5,10
220,9,18,108,504,961,1804,0,1,1,20,4,8
221,9,20,105,497,983,1454,1,1,2,28,2,8
222,9,20,107,500,977,1486,0,1,0,3,3,65
223,9,21,104,497,969,1465,1,0,2,3,3,6
224,9,21,106,498,977,1458,1,1,2,3,46,6
225,10,20,110,500,967,1459,1,1,1,3,13,7
226,9,19,104,499,1007,1455,1,1,1,3,3,8
227,9,21,104,495,982,1464,1,0,1,4,3,5
228,9,21,105,498,993,1453,0,0,0,4,3,5
229,9,22,105,502,990,1460,1,1,1,2,3,6
230,8,20,115,498,969,1455,0,0,0,2,3,5
231,9,18,105,495,971,1464,1,1,2,3,4,7
232,9,17,107,506,971,1471,1,0,2,2,3,7
233,9,18,106,510,972,1463,1,0,2,2,3,6
234,8,18,107,495,975,1467,1,1,1,2,3,73
235,20,18,106,506,978,1463,1,0,1,3,2,6
236,9,18,106,495,983,1454,1,1,1,2,3,5
237,9,17,104,498,983,1469,0,0,2,3,3,6
238,9,18,105,499,973,1452,1,1,1,2,3,5
239,9,18,106,498,1021,1475,1,0,3,2,3,5
240,8,19,113,500,1026,1473,1,0,3,3,2,5
241,9,18,126,494,982,1463,1,1,3,4,3,5
242,9,17,105,497,984,1879,1,0,3,3,3,3
243,9,18,105,508,989,1459,1,1,3,4,40,4
244,9,18,106,506,996,1465,0,0,3,3,36,4
245,9,18,104,501,974,1463,1,1,3,3,5,4
246,9,17,104,495,964,1462,1,0,3,2,3,20
247,8,18,109,494,979,1476,0,1,3,17,4,17
248,9,18,106,497,972,1479,1,1,3,3,3,5
249,9,17,111,496,966,1451,0,1,5,3,4,5
"
"
unlink and insert
n,llist,dllist
0,10,56,512,3114,5799,8335,5,5,3,3,8,7
1,11,55,509,3020,5785,8173,5,4,3,3,5,9
2,6,54,506,3002,5759,8222,6,4,3,4,3,6
3,5,53,504,2954,5881,8357,5,4,4,3,4,5
4,8,57,507,3117,5871,8338,6,4,4,8,3,5
5,8,62,515,3204,5713,8458,5,6,4,4,3,5
6,8,62,507,3988,5788,8162,6,4,3,3,4,5
7,8,62,503,3107,5699,8212,6,4,3,4,14,5
8,8,60,530,3001,5790,8262,5,4,4,3,132,8
9,8,60,507,2991,5784,8191,6,4,9,11,38,5
10,8,60,507,2997,5719,8351,6,4,11,8,43,4
11,8,66,506,3006,5765,8346,5,4,7,8,45,6
12,7,62,506,3000,5720,8510,4,5,8,5,45,6
13,9,61,507,2973,5696,8208,5,5,10,6,23,6
14,8,61,506,3410,5998,8190,5,5,6,4,13,3
15,8,62,505,2997,5908,8226,6,5,5,4,18,11
16,8,63,507,3010,5703,8349,5,4,4,3,14,6
17,8,53,511,3002,5728,8316,5,5,4,4,13,5
18,8,54,531,2985,5752,8367,5,5,4,3,7,3
19,7,53,506,3769,5780,8199,5,4,3,5,9,4
20,4,58,504,2981,5757,8261,6,5,5,4,5,3
21,5,60,511,3013,5804,8173,5,4,4,4,6,4
22,4,53,507,2985,5706,8190,6,4,3,4,4,6
23,4,53,503,3020,5744,8463,5,4,4,8,4,3
24,5,54,509,3026,5713,8451,5,5,4,13,3,4
25,5,66,503,3131,5707,8267,6,5,3,5,6,4
26,9,54,519,3035,5704,8253,5,4,4,4,8,5
27,20,54,507,2970,5705,8229,6,6,3,3,6,5
28,5,58,521,2971,5737,8250,5,5,3,4,7,8
29,5,56,507,3023,5756,8230,5,5,3,6,19,8
30,5,58,504,3022,5726,8254,5,3,3,16,11,5
31,5,57,510,3007,5728,8295,5,4,5,19,6,4
32,5,58,507,2987,5808,8151,5,4,5,5,5,5
33,5,53,596,3074,5789,8290,6,6,5,5,4,3
34,6,54,519,2979,5776,8262,6,5,3,3,6,7
35,5,53,507,3039,5746,8237,7,4,4,4,5,4
36,5,54,507,3048,5804,8284,6,4,4,6,5,8
37,5,54,506,3068,5763,8286,6,4,3,6,5,5
38,5,54,539,3250,5773,8262,6,4,3,7,38,4
39,5,58,508,3042,5868,8299,5,6,4,6,51,4
40,5,57,507,3067,5759,8285,6,4,3,5,15,4
41,5,54,507,3031,5629,8214,5,5,3,4,5,4
42,5,53,511,3166,5723,8288,5,5,4,5,5,5
43,5,54,506,4360,5772,8897,5,7,3,5,6,9
44,5,54,530,3013,5739,8290,6,5,3,6,5,13
45,4,53,507,3074,5917,8248,6,5,4,6,6,8
46,5,53,520,3086,5744,8223,5,4,4,6,5,10
47,5,53,507,3090,5761,8227,4,5,5,4,5,9
48,5,54,506,3842,5770,8183,5,5,5,5,6,3
49,5,53,512,3023,5740,8229,6,5,5,3,7,4
50,5,53,547,2984,5686,8636,6,5,2,4,7,9
51,5,54,507,2990,5664,8266,6,5,3,3,9,5
52,5,54,513,2976,5711,8258,6,5,4,70,8,5
53,5,54,506,2999,5695,8275,5,5,5,4,11,6
54,5,53,504,3004,5736,8176,5,5,4,5,9,5
55,5,53,504,2998,5789,8201,6,5,4,3,5,8
56,5,54,522,3009,5746,8845,6,5,4,4,5,5
57,6,53,506,2994,5721,8572,6,5,4,3,4,12
58,5,54,506,2987,5873,8273,6,5,3,11,6,21
59,5,57,507,3124,5770,8266,5,4,3,11,5,5
60,6,54,509,3012,5741,8254,6,5,4,3,4,5
61,5,54,541,3002,5873,8164,5,4,3,5,5,6
62,5,53,519,3003,5724,8220,5,4,4,4,6,5
63,5,53,508,3034,5761,8335,5,4,3,4,5,4
64,6,54,510,2992,5961,8761,6,5,4,4,5,8
65,5,54,519,3065,5835,8220,5,4,4,4,4,5
66,6,53,507,2971,5716,8377,6,5,4,3,4,3
67,5,53,503,3014,5917,8200,6,4,3,4,4,4
68,6,53,517,3084,5812,8213,5,5,4,4,4,3
69,6,53,507,3022,5755,8219,5,6,3,3,5,5
70,10,57,506,3066,6228,8440,6,6,3,4,5,8
71,9,64,503,3071,5768,8198,4,3,3,5,5,8
72,5,57,505,3049,5778,8188,5,5,3,4,4,5
73,6,53,581,3054,5986,8197,5,5,3,3,5,5
74,5,62,507,2995,5672,8222,6,3,4,17,5,5
75,5,54,507,2983,5751,8215,6,5,4,4,5,7
76,6,54,507,3044,5823,8237,6,4,4,8,4,7
77,6,54,510,2965,5691,8389,6,4,4,4,5,6
78,5,57,523,3034,5810,8187,5,3,4,4,4,8
79,5,58,509,2954,5773,8211,6,5,3,4,4,11
80,6,56,508,3496,5733,8254,5,4,3,4,4,5
81,6,59,511,3014,5751,8184,5,5,3,3,5,9
82,5,59,504,3001,5733,8265,6,5,3,4,4,7
83,6,57,518,3042,5755,8512,6,4,3,4,5,6
84,6,61,517,3005,5765,8820,5,4,4,4,7,6
85,6,55,507,3151,5714,8191,5,5,3,4,7,8
86,5,57,507,3005,5729,8261,6,4,3,3,6,5
87,6,53,507,2979,5746,8205,6,5,5,4,6,5
88,5,53,506,3037,5710,8296,6,4,3,3,6,5
89,5,56,507,3006,5732,8260,6,4,3,3,6,5
90,6,53,507,3055,6083,8348,6,4,3,3,6,5
91,5,53,506,2992,5870,8256,5,5,4,4,3,5
92,5,54,503,3051,5825,8213,6,4,3,4,5,8
93,6,54,507,3031,5779,8494,6,5,3,4,5,6
94,6,54,524,3203,5751,8242,6,4,3,11,4,4
95,6,58,510,3190,5774,8259,6,4,4,15,22,5
96,6,59,515,3337,5832,8389,6,4,3,15,13,7
97,5,58,517,3044,5709,8259,6,4,3,5,7,6
98,6,54,505,3078,5749,8456,6,4,3,3,18,42
99,5,54,506,3030,5714,8236,6,4,4,4,6,20
100,6,58,505,3156,5703,8225,6,4,3,4,3,5
101,6,57,506,3371,5729,8251,6,4,3,4,4,3
102,5,53,508,3063,5760,8228,5,4,3,4,4,6
103,6,53,507,3057,6115,8344,5,4,3,4,4,4
104,6,54,507,3026,7740,8295,5,4,3,4,6,6
105,5,53,507,3050,5773,8293,5,4,3,9,15,5
106,5,59,512,3058,5761,8151,5,3,4,4,6,7
107,8,58,507,3005,5695,8219,5,4,5,4,5,5
108,6,59,642,2989,5721,8241,5,4,4,3,4,4
109,6,61,512,3064,5758,8204,6,3,3,4,4,8
110,6,62,508,2955,5741,8261,5,3,2,3,5,5
111,5,62,503,3001,5815,8304,5,3,4,4,4,3
112,5,62,507,3024,5759,8262,6,4,3,3,3,4
113,5,62,544,3004,5725,8228,6,4,4,4,4,6
114,6,62,530,2991,5764,8204,5,3,4,4,10,5
115,5,62,516,2989,5703,8316,5,4,3,3,7,4
116,6,62,513,3012,5781,8227,5,5,4,4,7,5
117,5,266,506,3024,5725,8369,6,4,3,14,72,4
118,6,57,504,3008,5763,8406,5,5,4,14,12,3
119,5,56,532,3006,5752,8273,5,5,3,4,7,5
120,6,57,510,3013,5754,8211,5,4,4,3,3,6
121,6,57,506,2983,5734,8268,5,4,3,3,3,5
122,5,57,507,2961,5758,8203,5,4,3,4,4,5
123,6,58,507,3014,5750,8277,5,4,2,4,4,3
124,6,62,511,3022,5737,8636,6,5,3,4,8,4
125,6,62,517,3944,5727,8341,6,4,6,5,3,4
126,5,60,510,3029,5728,8229,5,5,3,7,5,5
127,6,59,507,2981,6074,8247,6,3,3,7,3,8
128,5,59,504,3091,5713,8252,6,3,4,4,5,8
129,5,59,516,2993,5677,8207,5,3,4,4,3,5
130,6,57,507,3001,5778,9741,5,4,4,4,3,6
131,5,55,504,2985,5815,8414,5,4,4,4,4,4
132,6,53,514,3051,5694,8341,5,4,3,4,4,13
133,6,54,504,2989,6774,8231,6,4,4,4,4,13
134,5,53,504,3028,5676,8241,5,3,4,4,3,10
135,6,53,508,3031,5749,8280,5,4,3,3,4,7
136,6,54,507,3021,5700,8249,5,3,5,4,4,5
137,5,54,506,3052,5783,8245,5,3,3,3,3,9
138,6,54,507,2999,5655,8386,5,3,4,6,3,13
139,5,53,510,3007,5790,8225,5,4,3,15,5,20
140,5,53,507,3037,5821,8265,5,4,3,16,3,10
141,5,55,517,3007,5638,8228,6,3,3,4,6,8
142,5,53,506,3018,5627,8303,5,3,3,6,5,6
143,5,53,511,2980,5651,8230,5,4,3,4,4,17
144,6,54,507,2982,5863,8276,6,3,3,3,4,16
145,6,53,515,3015,5778,8208,5,4,3,3,4,10
146,5,53,506,2988,5798,8243,5,3,3,3,4,6
147,6,53,505,3034,5859,8195,6,4,3,3,6,4
148,6,53,510,2991,5661,8189,5,4,4,6,5,9
149,6,58,664,3190,5820,8240,6,4,3,3,4,5
150,6,60,572,2996,5835,8230,5,3,3,3,7,5
151,5,63,509,3008,5759,8234,5,4,3,3,4,5
152,5,53,507,3033,5709,8324,6,3,3,3,5,5
153,5,54,518,3030,5732,8280,5,4,3,4,5,5
154,5,53,506,4878,5758,8252,5,3,4,4,3,6
155,5,54,506,3054,5874,8233,5,4,4,3,4,8
156,5,53,506,3130,5693,8217,6,3,3,3,4,5
157,5,53,507,3188,5739,8271,6,3,4,4,4,9
158,5,53,507,3073,6483,8193,5,3,4,3,4,3
159,5,53,511,2977,5724,8218,6,3,3,3,5,10
160,5,53,528,3064,5751,8252,6,3,4,4,7,7
161,6,59,513,3022,5828,8219,6,4,3,96,85,5
162,5,54,506,3565,5685,8194,5,3,4,4,45,9
163,6,54,517,3001,5745,8369,6,3,4,3,44,6
164,6,63,507,3017,5698,8214,6,4,4,4,47,5
165,5,54,509,3064,5727,8237,6,4,4,4,43,9
166,6,53,507,2993,5705,8221,5,3,4,4,55,7
167,6,54,506,2970,5736,8235,6,3,4,4,44,9
168,5,54,507,3010,5765,8270,5,4,3,4,5,6
169,5,54,507,2957,5735,8426,5,3,3,4,4,7
170,6,54,507,3274,6038,8237,5,3,3,3,4,10
171,6,54,507,2985,5756,8205,5,4,4,4,4,6
172,5,53,507,3014,5689,8219,5,4,4,4,4,10
173,6,54,514,3040,5766,8265,4,3,3,4,4,5
174,6,54,506,2994,5760,8202,5,3,3,4,3,7
175,5,53,505,3032,5768,8594,5,4,3,4,6,13
176,6,53,517,2974,5764,8429,6,3,4,4,6,12
177,6,54,507,3000,5747,8241,6,3,3,4,7,4
178,5,54,511,2970,5699,8227,6,3,3,4,4,5
179,6,53,509,3018,5775,8217,6,4,7,4,4,5
180,6,53,504,2969,5787,8242,6,3,4,3,10,4
181,6,53,504,3672,5716,8201,6,4,3,4,12,5
182,6,53,507,3828,5705,8491,6,3,4,14,21,5
183,6,53,507,4017,5793,8230,6,5,3,15,9,5
184,6,53,506,3325,5776,8252,6,3,3,3,5,5
185,6,53,504,3192,5742,8197,5,5,3,4,4,5
186,6,54,508,3018,5863,8202,5,3,3,3,5,4
187,6,53,506,3020,5658,8220,6,4,3,4,4,31
188,6,53,527,3200,5773,8258,6,4,3,4,4,15
189,8,53,574,3011,5723,8240,6,3,4,4,4,11
190,9,53,529,2968,5769,8243,5,4,4,4,4,6
191,8,54,553,3008,5729,8226,6,4,3,4,5,5
192,8,54,573,2976,5835,8218,5,3,3,4,6,5
193,8,54,528,2962,5674,8252,5,4,4,3,3,5
194,8,53,515,3002,5633,8160,5,3,3,4,5,5
195,4,53,507,3013,5741,8105,6,3,3,3,4,4
196,5,54,512,3043,5694,8148,5,4,4,4,4,5
197,6,53,507,3125,5652,8190,6,4,4,4,4,8
198,6,53,515,3040,5696,8167,4,3,3,3,4,5
199,6,53,518,3023,5713,8185,5,4,4,3,7,5
200,6,54,507,3013,5681,8234,5,4,4,4,5,5
201,5,53,516,3036,5703,8109,5,3,4,3,3,6
202,5,53,507,3031,5739,8135,6,2,3,3,4,8
203,6,54,507,3071,5683,8660,5,3,4,3,4,5
204,6,54,514,2986,5864,8218,6,4,3,67,4,8
205,5,53,507,2996,5624,8209,6,3,3,16,4,10
206,6,53,510,3035,5762,8231,6,4,3,4,4,4
207,8,53,511,3118,5645,8435,5,4,3,4,6,5
208,8,53,507,3081,5774,8113,6,3,3,5,5,12
209,4,53,510,2979,5692,8126,4,3,3,4,5,5
210,4,53,511,3018,5669,8166,5,4,3,4,4,5
211,5,54,523,3049,5722,8099,5,3,4,4,4,7
212,4,53,506,3127,5694,8136,6,4,3,3,3,5
213,5,54,507,2976,5723,8386,6,3,3,4,4,5
214,5,52,507,3218,5962,8153,84,3,3,6,3,8
215,5,54,507,3017,5815,8164,84,3,3,14,4,8
216,6,53,510,3070,5767,8189,6,3,3,5,6,7
217,6,53,515,3182,5761,8138,5,3,3,6,5,5
218,9,53,507,3023,5754,8220,5,3,3,6,8,7
219,8,53,507,3056,5761,8132,5,3,3,6,6,5
220,4,53,515,3460,6181,8199,6,3,3,9,4,6
221,4,54,511,3057,5745,8085,5,4,3,9,5,5
222,4,53,518,2990,5722,8104,6,3,4,7,3,5
223,6,53,517,2989,5732,8327,6,3,3,12,3,5
224,6,53,507,2988,5710,8408,6,4,4,9,4,4
225,6,53,507,3523,5721,8185,5,3,3,8,3,6
226,6,54,507,3005,5740,8179,6,3,3,96,3,3
227,5,54,507,3008,5735,8198,6,4,3,9,3,4
228,6,53,501,3010,5735,8210,5,4,4,6,3,4
229,5,54,530,3000,5696,8186,5,3,3,5,7,4
230,5,54,501,3010,5840,8307,6,3,3,6,9,4
231,6,54,501,2975,5734,8227,6,3,4,7,5,4
232,5,54,507,3064,5747,8426,6,3,3,6,6,6
233,5,54,501,3025,5778,8325,6,4,4,7,5,4
234,6,54,515,3007,5868,8235,6,4,3,5,6,5
235,6,53,510,3435,5712,8233,6,3,3,6,4,6
236,5,54,528,3568,5805,8234,6,3,4,10,5,5
237,5,53,504,3038,5846,8334,5,4,3,8,6,5
238,5,53,503,3009,5700,8223,5,4,3,8,4,4
239,5,54,515,3074,5974,8195,5,3,3,7,15,8
240,6,54,502,2993,5833,8229,5,4,4,6,11,5
241,5,54,504,3063,5689,8216,6,4,3,6,12,4
242,6,53,501,2997,5838,8401,5,3,4,8,11,5
243,4,53,501,2977,5826,8306,5,4,3,3,27,5
244,6,54,504,2994,5715,8143,5,3,3,4,13,5
245,5,54,503,2980,6028,8136,6,4,4,3,38,6
246,5,54,556,3655,5738,8280,6,3,3,3,25,8
247,6,59,506,2988,5722,8127,6,3,3,15,15,6
248,6,54,504,2987,5667,8160,5,3,3,16,5,7
249,6,53,514,2991,5692,8108,4,3,3,3,5,8
250,6,56,504,3019,5687,8151,6,3,3,4,5,6
251,6,53,503,3079,6103,8139,5,3,3,5,5,6
252,6,54,525,3031,5716,8195,5,4,3,5,4,5
253,6,53,507,2979,5647,8184,5,3,3,5,6,6
254,5,57,507,2988,6037,8540,5,4,3,3,5,5
255,5,54,520,3007,5657,8092,5,4,3,4,5,5
256,5,54,503,2964,5690,8144,5,4,4,5,8,5
257,6,53,501,3218,5697,8109,5,4,3,4,7,5
258,6,53,525,2992,5803,8140,5,4,2,5,5,5
259,6,54,513,3006,5729,8297,5,3,2,4,5,5
260,6,53,504,3030,5796,8192,5,3,3,4,4,6
261,6,53,504,3050,5725,8134,6,3,3,5,3,4
262,6,53,505,3104,5685,8234,5,3,3,4,5,4
263,6,53,510,3006,5771,8241,5,3,4,7,3,5
264,5,53,507,3011,5693,8202,6,3,3,4,4,8
265,6,61,506,3013,5750,8699,5,3,3,4,4,5
266,6,54,501,3001,5692,8259,6,3,3,4,5,7
267,6,58,501,3021,5714,8229,6,4,3,4,4,10
268,5,58,520,2996,5723,8275,5,4,3,4,3,11
269,6,58,521,3011,5684,8237,5,3,4,81,4,5
270,5,57,534,3227,5823,8155,6,3,4,5,4,5
271,6,53,528,2983,5722,8587,5,3,7,5,4,5
272,6,53,504,3013,5770,8333,5,76,4,4,5,4
273,6,53,504,2973,5806,8189,5,41,4,5,5,4
274,5,54,526,3023,5739,8189,5,3,3,4,4,8
275,6,60,508,2980,5861,8201,5,3,4,3,4,5
276,6,61,504,3000,5893,8211,5,3,4,4,4,24
277,6,61,514,2991,5773,8214,6,3,3,4,5,7
278,6,62,505,2993,5805,8139,6,3,3,3,3,7
279,5,65,607,3013,5811,8203,6,3,3,4,4,5
280,6,63,527,3026,5712,8197,6,3,3,4,4,8
281,6,62,504,3426,5737,8201,6,3,3,5,4,13
282,6,63,509,3048,5714,8241,5,3,3,4,5,8
283,6,72,503,3008,5731,8400,5,4,3,5,4,5
284,5,62,507,2984,5724,8326,5,3,3,4,12,5
285,4,62,510,3085,5776,8254,5,3,3,3,9,5
286,5,61,515,2975,5956,8274,5,4,2,4,5,5
287,5,59,502,2995,5782,8216,6,3,3,3,6,5
288,6,58,504,3024,5738,8299,6,4,3,3,5,6
289,6,61,501,3031,5703,8395,6,3,2,3,4,5
290,6,57,513,2967,5718,8280,6,4,3,16,4,5
291,5,59,513,3010,5769,8461,5,3,3,16,4,4
292,6,56,506,3020,5703,8241,6,4,4,4,4,4
293,5,59,514,2983,5737,8257,6,3,3,3,4,5
294,5,53,504,3088,5710,8183,5,3,3,3,4,5
295,6,54,504,2999,5750,8301,6,3,4,4,8,7
296,5,54,501,3005,5760,8367,5,3,3,3,7,5
297,5,53,520,3001,5753,8218,6,3,3,3,8,8
298,5,54,573,3008,5706,8188,6,3,3,4,10,5
299,5,53,504,2997,5750,8236,6,4,3,3,5,5
300,5,53,504,2969,5763,8217,5,4,3,4,5,5
301,6,53,500,3045,5819,8259,5,3,3,3,6,13
302,5,52,501,3037,5791,8256,5,3,4,3,7,8
303,5,54,504,3033,5724,9387,6,4,4,4,16,7
304,5,53,506,3010,5798,8280,6,4,4,4,7,5
305,5,53,504,3051,5717,8175,5,3,4,4,9,5
306,5,53,512,2986,5742,8174,5,4,5,4,9,4
307,5,54,500,3021,6125,8180,5,4,3,4,6,5
308,56,54,547,3002,5789,8156,5,3,4,3,9,5
309,36,53,518,2962,5761,8335,5,3,4,4,5,12
310,10,54,696,3825,5777,8410,6,4,3,3,5,7
311,6,63,534,3023,5757,8222,6,3,5,3,5,4
312,5,54,577,2971,5796,8320,6,3,5,147,18,7
313,5,53,507,3005,5995,8280,6,3,4,5,6,5
314,4,59,519,2981,5816,8274,6,4,4,4,6,5
315,5,53,529,3006,5835,8235,6,3,5,4,6,5
316,4,53,518,3601,5798,8739,5,3,5,3,4,7
317,4,53,599,3040,5732,8337,6,4,5,3,5,8
318,5,56,533,3247,5809,8223,5,3,5,4,4,6
319,5,56,520,2972,5746,8234,6,4,4,3,4,5
320,5,53,521,3006,5730,8274,4,3,5,3,3,5
321,6,53,529,3013,5773,8213,5,4,3,3,4,5
322,6,54,525,2954,5774,8260,5,3,5,4,4,5
323,5,53,521,3098,5805,8392,5,3,4,3,3,6
324,6,54,523,3010,5945,8206,5,3,5,4,3,5
325,6,54,548,2986,5831,8338,6,4,5,4,5,5
326,6,54,522,3220,5759,8170,6,3,4,6,4,4
327,5,53,520,3133,5765,8361,4,3,5,5,4,4
328,11,55,519,3002,6053,8313,6,4,5,3,5,5
329,6,58,521,3044,5773,8288,5,3,4,4,6,5
330,14,53,518,3029,5809,8251,5,6,5,4,5,10
331,5,53,545,3419,5741,8202,6,3,6,4,5,11
332,4,54,546,3010,5773,8238,5,3,4,3,6,15
333,4,57,504,3067,5727,8426,5,5,5,4,5,7
334,5,54,504,3030,5738,8293,5,3,5,4,5,6
335,5,54,504,2983,6015,8226,5,4,5,4,6,6
336,5,54,594,2985,5720,8204,5,4,5,4,6,6
337,5,54,507,3018,5681,8218,5,4,4,4,5,8
338,4,57,503,3027,5748,8243,5,3,5,3,5,7
339,4,54,503,3001,5763,8222,6,3,6,4,6,7
340,5,54,507,3031,5693,8231,6,4,4,3,7,6
341,4,53,503,3020,5941,8357,6,3,5,3,5,9
342,4,54,504,3394,5794,8208,4,4,6,4,5,5
343,6,54,513,2984,5793,8397,5,4,6,4,5,12
344,6,53,504,3056,5710,8252,6,4,6,4,6,6
345,5,53,504,3205,5723,8199,5,3,4,3,5,5
346,6,54,501,3111,5708,8245,6,4,2,3,8,5
347,6,54,504,2951,5994,8245,6,4,3,3,7,5
348,5,54,503,3063,5787,8259,8,4,4,3,5,5
349,6,54,531,3004,5721,8438,6,4,5,4,5,3
350,5,54,540,3287,5800,8286,6,4,5,4,6,5
351,8,54,566,3016,5748,8235,4,4,5,3,5,8
352,8,54,503,3018,5752,8233,5,3,5,4,3,8
353,8,54,506,2987,5779,8212,6,3,5,3,5,7
354,8,58,502,3005,5763,8224,6,4,5,4,6,12
355,8,59,574,3341,5793,8898,5,4,4,114,7,8
356,8,53,504,2993,5775,8301,5,3,4,5,4,6
357,9,54,505,3016,5725,8215,6,4,5,5,4,6
358,11,53,504,2996,5778,8194,5,4,4,5,3,10
359,9,54,522,3027,5761,8247,5,4,4,5,4,5
360,9,66,502,3015,5776,8240,5,3,5,3,3,6
361,8,59,504,2987,5677,8354,5,5,4,3,6,8
362,9,61,510,2966,5662,8742,5,4,5,4,15,7
363,9,60,501,2990,5668,8286,6,3,4,4,7,7
364,8,62,504,2993,5652,8194,5,3,3,7,5,4
365,8,62,567,2995,5739,8242,6,4,4,4,3,8
366,8,63,513,3197,5975,8174,6,4,4,3,3,4
367,5,62,504,3000,5654,8214,5,4,3,5,3,8
368,5,63,503,3018,5711,8199,6,4,3,5,4,5
369,5,62,504,3031,6093,8393,6,4,3,5,6,24
370,4,61,500,3048,5818,8192,5,5,3,4,4,33
371,5,61,504,3021,5746,8225,6,4,3,4,4,70
372,5,60,513,3054,6077,8208,5,3,4,3,6,9
373,5,53,504,3031,5740,8287,6,3,2,3,5,5
374,5,53,506,3057,5812,8262,6,4,3,3,3,5
375,5,53,513,2993,6096,8505,6,4,3,3,6,5
376,8,53,506,3015,5734,8212,6,4,3,4,8,5
377,9,53,508,2993,5721,8197,6,2,3,5,5,5
378,5,53,528,3003,5746,8195,6,2,3,4,4,5
379,5,53,738,3121,5700,8232,6,3,3,4,7,7
380,6,53,515,2971,5823,8240,5,2,3,3,8,5
381,9,53,520,2991,5818,8539,6,2,3,4,5,6
382,6,54,512,3014,5756,8209,5,3,3,4,4,4
383,5,53,514,3046,5791,8306,7,2,4,3,8,11
384,5,53,524,3090,5783,8219,6,3,3,3,5,5
385,4,54,531,3070,5823,8298,6,2,3,4,5,7
386,5,54,513,3000,5760,8222,6,3,4,4,4,18
387,5,54,638,3000,5705,8220,6,4,3,4,4,9
388,5,53,517,3062,5710,8232,6,3,4,3,4,7
389,5,54,518,2991,5716,8530,5,2,4,3,5,10
390,5,54,538,3447,5739,8222,5,3,2,3,5,9
391,5,53,513,3003,5744,8199,6,4,3,4,5,5
392,5,54,517,2972,5719,8220,6,3,4,4,9,3
393,5,53,536,2999,5740,8273,6,4,2,3,16,11
394,4,54,520,2967,5763,8517,6,3,3,3,7,6
395,5,54,777,2994,5727,8193,6,4,3,4,5,6
396,6,54,520,3010,5734,8141,5,3,3,4,5,5
397,9,54,522,3029,6026,8189,5,5,3,3,8,5
398,8,54,522,3088,5821,8207,5,4,3,83,5,5
399,8,54,521,3097,5776,8191,6,3,3,4,16,5
400,8,54,520,3053,5720,8380,6,4,2,4,19,8
401,9,54,841,3061,5674,8340,5,3,3,5,6,5
402,8,54,647,3014,5682,8291,6,4,3,5,5,5
403,8,54,520,3029,5685,8316,6,3,3,5,5,7
404,9,53,531,2999,5719,8424,5,4,3,3,6,5
405,8,54,521,3084,5692,8202,6,4,3,5,14,8
406,8,54,533,3113,5792,8281,6,5,3,4,5,6
407,7,56,530,2997,5799,8293,6,3,3,4,5,7
408,5,62,650,3003,5788,8414,6,3,3,4,3,5
409,4,54,936,3002,5737,8329,6,5,2,7,3,5
410,9,54,523,2998,5754,8320,6,3,3,11,4,4
411,4,53,680,2969,5776,8228,6,3,3,9,3,5
412,8,53,520,3059,5838,8396,5,4,3,9,3,5
413,7,53,522,2992,5792,8226,5,3,4,10,3,3
414,7,59,524,3417,5802,8247,9,3,3,6,4,7
415,7,53,881,2996,5797,8213,6,4,3,8,3,5
416,8,54,627,2965,5776,8234,6,6,3,5,6,5
417,10,54,519,3026,5751,8211,6,3,3,7,6,5
418,9,53,532,3164,5758,8222,6,4,3,5,5,6
419,9,54,520,2970,6012,8390,6,4,3,6,4,7
420,9,53,521,3029,5732,8243,6,3,3,4,7,5
421,9,53,531,3000,5699,8308,5,4,4,4,5,7
422,11,58,525,3091,5778,9027,5,4,5,4,4,5
423,11,53,523,3077,5745,8258,6,3,3,3,9,5
424,10,53,530,2975,5672,8250,5,3,3,4,5,5
425,7,54,525,2975,5892,8221,6,4,4,4,3,5
426,8,53,538,3001,5946,8206,5,4,5,4,6,5
427,5,54,518,2988,5731,8211,5,3,4,3,5,5
428,9,53,634,3191,5694,8581,5,3,3,4,4,6
429,9,53,510,3024,5670,8312,6,3,3,12,4,5
430,7,53,521,3055,5878,8192,6,4,3,3,3,5
431,8,53,513,3021,5714,8354,5,4,4,4,3,5
432,9,54,522,3011,5792,8202,5,4,3,4,3,6
433,8,54,512,3138,5814,8162,6,5,3,3,4,6
434,8,54,511,3121,5822,8360,5,3,3,3,3,5
435,7,54,507,3234,5803,8795,6,4,4,4,4,9
436,8,54,515,3110,5779,8116,6,4,3,4,4,7
437,7,54,514,3155,5785,8174,6,3,3,4,5,4
438,9,53,523,3014,5755,8198,5,4,3,4,6,5
439,6,54,512,2973,5736,8157,5,4,4,4,5,5
440,4,54,507,2956,5759,8151,5,4,4,3,4,5
441,4,54,527,3095,5782,8380,6,3,4,74,5,6
442,9,53,512,2965,5787,8254,6,4,3,6,5,9
443,8,54,517,2952,5787,8210,6,3,3,10,5,3
444,4,53,510,3069,5761,8182,6,4,3,5,5,5
445,5,54,506,2983,5734,8232,5,3,3,5,5,3
446,4,53,515,3115,5739,8250,6,3,3,6,5,3
447,5,54,520,2972,5754,8472,5,3,3,23,5,5
448,5,54,526,3024,5741,8168,6,4,3,5,7,10
449,8,54,522,3016,5756,8317,5,3,4,3,5,9
450,9,54,510,3069,5987,8259,6,3,4,3,5,9
451,6,54,512,3249,5774,8210,5,4,3,3,5,3
452,5,54,509,2963,5720,8231,6,5,4,3,5,3
453,5,54,509,2989,6005,8600,5,3,4,3,4,4
454,5,54,510,3034,5754,8126,5,3,5,5,5,4
455,5,54,510,3017,5706,8248,5,4,6,4,4,4
456,5,204,510,3173,5761,8211,5,4,5,6,5,8
457,5,55,510,3085,5849,8216,5,3,5,6,6,7
458,4,55,509,3039,5675,8240,6,4,3,4,5,5
459,5,54,520,3031,5873,8922,5,3,3,3,6,6
460,4,53,585,2989,5730,8605,5,3,3,3,6,5
461,4,54,511,3030,5686,8229,5,4,3,4,4,5
462,4,53,529,3175,5679,8271,5,3,3,4,3,26
463,4,53,515,2968,5864,8279,6,4,3,5,3,23
464,5,53,518,2975,5658,8249,6,4,3,3,4,17
465,5,54,542,2997,5681,8214,5,3,3,4,5,6
466,4,53,542,2971,5659,8496,5,4,4,3,4,5
467,5,54,509,2986,5917,8718,6,3,3,4,3,5
468,5,54,523,3145,5831,8229,5,3,5,4,3,5
469,5,54,508,3097,6047,8265,6,5,5,4,4,5
470,5,53,509,3110,5745,8276,5,4,3,4,7,6
471,5,54,522,2992,5744,8228,5,3,4,3,6,5
472,5,53,510,2977,5822,8270,5,3,3,5,5,4
473,5,55,510,3076,5831,8387,5,4,3,3,7,4
474,6,54,510,3056,5770,8210,4,3,4,4,6,4
475,5,53,509,3385,6041,8290,5,4,3,4,8,5
476,5,54,524,3047,5748,8310,5,5,5,4,5,4
477,5,53,509,2992,5721,8200,4,3,5,3,3,7
478,5,54,510,3075,6027,8358,5,4,3,4,5,4
479,6,54,517,2979,5768,8230,5,4,3,3,3,7
480,6,54,510,3007,5777,8643,5,4,3,3,3,5
481,5,53,515,3002,5989,8221,6,4,3,4,6,3
482,6,54,525,2975,5780,8150,6,3,3,6,7,5
483,6,54,509,3217,5683,8139,6,4,4,4,4,5
484,6,54,521,3050,5925,8137,5,3,3,78,3,6
485,6,53,507,3035,5701,8125,5,4,3,12,3,5
486,6,53,507,3057,5703,8319,4,3,3,8,5,5
487,5,53,525,3035,5726,8121,6,3,4,9,4,5
488,6,54,498,3050,5781,8146,5,3,4,9,4,11
489,5,53,506,3009,5719,8216,5,4,3,6,4,7
490,5,53,506,3021,5713,8146,5,4,4,5,4,6
491,7,54,503,3037,5807,8174,5,3,3,5,3,9
492,8,53,501,3199,5836,8378,5,3,2,6,3,5
493,5,53,545,3083,5731,8212,5,3,4,5,7,5
494,5,56,504,2993,6041,8166,5,3,4,3,10,5
495,4,56,515,3118,5739,8209,4,3,3,4,3,4
496,5,58,503,3129,5776,8178,5,3,4,4,6,5
497,5,63,504,3099,5738,8242,5,4,4,4,3,5
498,5,56,500,3037,5872,8471,5,3,4,3,4,22
499,6,59,504,2982,6005,8323,6,3,3,5,3,10
"
"
