repeat,lookup-100,add-100,lookup-1000,add-1000,lookup-10000,add-10000,lookup-100000,add-100000,lookup-1000000,add-1000000,lookup-10000000,add-10000000
0,2171,2045,2512,2634,2891,3017,5073,6180,13742,14394,23539,24230
1,3226,3361,3504,4057,3954,4015,6661,7126,16539,16105,26172,26553
2,3490,3537,4061,4565,4191,4413,6047,6907,14604,15723,23913,25162
3,3702,3868,4175,4589,4662,5677,6050,6162,15705,17227,24109,23866
4,4035,4277,4832,6200,5433,4959,7070,7590,14720,15707,23691,23726
5,4100,5078,5352,5470,5398,6337,6605,6906,13250,13980,23596,23928
6,5050,4724,4989,5729,5275,5943,6601,6860,13978,15578,23076,23868
7,4563,4994,5215,5658,5643,6054,7646,7863,14810,14777,22746,26568
8,4693,5052,5497,5993,6832,6144,6614,7408,15097,13959,24062,25592
9,5033,5264,6835,7291,6707,8194,6631,6773,13449,16178,24258,23674
10,4844,5274,5909,6855,6185,7023,7872,8274,14660,15684,24203,23278
11,4676,6614,5528,6221,7448,6801,7383,7947,16079,17868,24419,23591
12,6956,7275,8036,7669,7023,8240,8144,7273,16036,15168,23772,25629
13,8345,7875,6972,7552,6377,7139,8205,8883,14159,15097,23064,24420
14,6777,7388,6346,7120,8463,6796,9762,8307,15175,15540,23399,24678
15,5890,6941,8642,9271,8103,8881,9520,11953,18055,14476,24067,24228
16,6708,6015,7450,8652,6711,8075,9072,9790,16191,17405,24248,24274
17,6923,7957,8940,7865,8163,9425,9926,11389,14097,15584,24987,25220
18,7010,6470,8506,9563,7145,8320,9255,10213,15396,16931,23742,24024
19,7410,7207,8101,8724,9169,8323,10943,10959,16682,14992,23181,24700
20,9426,8538,9320,11515,8267,9322,9235,10001,17154,17325,23873,25060
21,6136,9280,8159,9183,7998,8946,11408,10853,15157,15533,25572,24572
22,9369,9069,11349,10748,10169,10750,9651,10554,15275,16276,24725,26914
23,7406,7992,9945,11376,8534,10003,11376,11388,15244,15746,23590,23851
24,7600,7897,9988,11330,9658,10512,10514,11021,16252,15470,23164,24374
25,9126,13127,9125,10093,9557,9834,10897,11866,14933,15878,23126,24400
26,7852,8969,11078,12929,11356,12740,11072,10740,17016,17271,23048,24617
27,11102,11582,10003,11113,9347,10788,10983,12638,15698,17594,25821,25203
28,9317,10086,11147,11944,10499,11767,13713,11440,16753,16010,24887,24586
29,9355,11312,11036,11990,9585,10832,11456,12363,16288,15615,24727,24907
30,8342,9686,10855,12311,10751,13123,12495,11869,16298,18097,23511,24907
31,9646,9682,12853,10830,10449,10688,11129,11757,15562,16747,23338,24704
32,9283,9414,12837,13109,10928,12247,12047,13309,16160,17298,26117,24534
33,10791,9626,11931,14072,10624,10972,12450,11846,16688,15889,23863,24237
34,8793,9853,10968,12342,10356,11946,12036,13588,16491,16428,24151,23841
35,11228,8984,11641,13800,14133,11472,13533,11514,17628,18501,24232,24445
36,10179,10868,12840,11748,11296,13117,13036,12940,16158,17539,23765,24728
37,10703,10243,11267,13007,12187,12858,12666,15536,16971,17580,24750,24397
38,11145,11200,12638,12794,10328,11508,13436,12584,17556,16962,23654,25229
39,11361,10977,11791,12547,11947,13410,12473,13561,17152,16249,24089,23972
40,12440,11322,12272,13503,11901,12300,12889,14680,15858,17118,24265,23698
41,12531,12837,14768,12247,11343,13603,13725,12966,19036,17628,23928,23699
42,10759,11053,12926,14447,12624,13479,12564,13771,16390,18205,25723,24341
43,10934,13229,14914,16449,12094,13945,13698,14074,16477,18119,23200,25741
44,12124,11788,14021,14370,12762,14462,14264,14603,17302,16890,23869,25518
45,10841,12336,12055,13410,13639,12351,12858,14165,17083,17077,24311,24735
46,13045,10827,13086,15123,12968,13488,15754,14515,18329,17406,24194,23781
47,14470,14619,14173,13005,13725,16324,16467,17397,16431,17813,23788,23889
48,13254,15641,12632,14176,14151,13399,13356,14619,16626,18872,23918,26512
49,13992,11689,14134,15166,12646,14415,13569,16205,18172,17999,23987,24985
50,11693,13836,16466,14746,12900,15317,16035,13072,18084,18391,24219,24436
51,14442,13472,16238,18048,16734,13171,14289,14739,17439,17581,24553,24112
52,13043,13186,13318,15342,13290,16516,13888,15061,17430,17502,24233,24120
53,12506,12598,13667,15084,13301,15993,14584,15010,17277,17395,23951,26120
54,12967,12495,14994,14254,14848,15312,17653,14703,16757,18310,23744,24493
55,13907,11977,13354,14651,15343,14299,14929,15308,17727,18078,24386,25253
56,13240,15988,16405,17991,12709,15575,14689,15701,17638,19142,24539,24688
57,13271,13038,13769,16129,14096,15016,14770,14811,18640,18156,24941,24797
58,13326,14112,15223,13906,14690,14153,15229,14517,18256,17071,24785,25121
59,12938,15065,13328,14860,13922,14629,14002,15275,17942,18683,24023,24645
60,14417,14034,16445,15932,14039,15781,15054,16081,17682,18089,26369,24978
61,12753,13118,16071,16372,15891,13747,16019,14730,17401,18676,25723,26846
62,13444,14820,15586,14678,13799,14906,14913,15253,17458,18299,24530,24555
63,13486,13614,14197,15829,14174,15865,14489,16675,18656,18885,23958,26481
64,12314,13228,15055,16244,15987,17726,15591,18951,18151,19208,24008,25102
65,12843,14444,15075,14721,15720,14850,15719,15814,18188,17961,23595,25144
66,14106,13464,14617,15032,14433,16231,15707,15164,18772,17963,24220,25172
67,12869,14083,16147,16459,14272,16364,14586,16349,18261,17963,24396,24530
68,14332,14919,15492,17696,15277,15984,15178,16323,17338,18324,25094,25464
69,15164,15370,16470,15715,15282,15035,16457,16079,19009,18842,24404,25493
70,12460,13949,15403,15155,15053,15796,18414,16073,17698,19664,24294,24568
71,13181,14803,14702,16353,15324,18432,15022,16132,17587,19370,24426,25614
72,15060,13983,15932,16694,15042,17279,15734,17569,18189,18794,24878,24781
73,12629,13863,15984,16143,15926,14683,15673,16639,18090,18487,25472,26510
74,13372,15154,16557,15427,14681,16092,17625,16250,18897,18612,24161,24685
75,17085,17239,15004,15990,14782,17398,16248,16156,18834,17978,24010,24993
76,14564,14489,17273,18017,15571,16770,16407,16478,18761,18537,24090,25054
77,14349,13793,16210,17823,16948,15465,15977,17360,19315,20453,24393,24826
78,13726,15837,16982,16313,15485,15654,18332,19452,18226,19254,26259,24730
79,14762,13752,16429,16272,15528,16663,18620,19720,17770,19563,24641,25163
80,13903,14538,15596,16739,15974,19071,18133,16583,18667,19477,23701,25296
81,13985,15216,16676,19905,16479,16715,16786,16284,18110,19929,24112,25478
82,15425,13365,16523,18276,16735,16440,15752,17836,19021,19111,24016,24796
83,13498,15159,17211,19642,17062,17453,16064,17929,18798,20623,25275,25675
84,14272,15741,16195,16377,16567,17738,16490,17123,18895,19186,25154,24578
85,15715,14331,16506,15970,15917,18858,17552,18872,19727,18837,23594,25100
86,15007,15330,15561,17054,17266,19045,17887,16832,19555,18993,23928,25281
87,13707,15350,16660,18108,17522,17890,17036,17264,19416,19155,23979,25084
88,13985,15520,16499,17432,17215,16663,16025,17068,19112,19021,26414,24408
89,15713,14979,17635,16106,16557,17483,16373,18318,19300,19502,39798,36745
90,14892,14618,16496,16356,16529,17147,17048,17780,19824,20356,38172,40986
91,16305,16006,17093,19092,16183,18027,17866,17273,18446,19574,39686,40847
92,15217,17805,16144,18173,17057,17553,19361,17008,18847,20065,26571,37350
93,15361,14994,16924,18138,17726,19150,19615,17825,18535,20023,24586,25815
94,17398,15957,16682,16983,20391,17290,17964,18978,18518,20098,24402,26250
95,14125,15920,16654,15651,18661,18451,17508,18021,19473,20502,24625,25224
96,14603,16293,16031,16512,17204,18584,17021,19252,19184,21315,26976,24729
97,15929,15828,17375,17138,17664,19380,17655,18515,18925,19816,24897,25522
98,13962,15220,16533,18575,16990,19366,17930,18479,19942,19548,24231,25983
99,14926,16737,16245,16599,17802,18752,18866,19785,19039,19858,24239,25798
100,15590,16141,17385,16614,18388,21095,18650,18047,19598,19749,24911,25627
101,18283,17427,18839,19499,19155,22220,20379,20740,21606,22281,26212,29856
102,17701,16642,16760,17753,18707,19868,19134,18641,20936,21332,24408,26123
103,16598,17157,15776,17880,19248,18914,17828,18169,19715,21010,25063,25686
104,15511,17000,16342,18010,19870,20351,18362,18812,20207,20106,25282,25998
105,15353,16298,18141,17390,19833,18294,17130,18883,20138,19395,25370,24652
106,16749,15283,17428,17831,19205,19566,17525,19568,20667,19705,25612,26467
107,15237,15780,17373,16556,19847,19042,18727,21577,19960,19634,26120,26949
108,15309,16334,16042,16990,19253,19750,18164,19454,20947,21177,25725,26611
109,15294,16812,16631,17343,19981,21031,18863,18713,19840,19834,25600,24985
110,16617,17410,16802,17822,18262,19111,19106,17874,20169,19669,26656,25662
111,16202,15532,22541,18460,17747,19544,19041,18554,20413,21335,24258,27719
112,15737,16248,17679,21175,17294,20079,20668,18798,20286,19993,25293,26328
113,15365,16901,17999,16559,20325,39922,19571,18785,19760,19916,26166,25266
114,16329,16436,17880,16720,18627,18231,18676,19372,20698,20686,25180,25605
115,16150,15785,16693,17587,18082,18846,18421,19165,20916,22256,24874,26437
116,16337,16815,16971,17794,18036,18188,17736,19667,20104,20272,25419,27868
117,16255,17714,16837,18224,17539,18995,18222,19669,19920,20581,25119,25716
118,16412,17871,17103,18026,17588,19065,18367,19325,20078,20152,25352,25588
119,16565,16980,18826,17501,18018,19282,18504,19673,19594,20529,25278,25831
120,17446,16349,18352,18940,20091,18984,19423,20847,21804,21251,29706,26704
121,16980,16130,19042,17281,18697,19295,19109,19419,20125,20891,25663,25672
122,16035,17195,17890,19194,19340,18220,19998,18642,19641,20481,25061,25202
123,16237,17765,16525,18716,18912,18448,19385,18584,19833,21116,24726,26091
124,16323,16805,17263,18685,18300,19168,19327,19240,20501,21114,25502,26432
125,17716,17771,17545,19479,19613,19174,21683,19237,21801,20799,27331,26368
126,16766,15837,17846,20626,18721,20495,19195,19587,21624,22315,26277,25763
127,16157,16658,17606,17745,17872,19441,19022,19621,22059,22563,24689,25671
128,15819,17720,20641,17940,17989,20063,20493,19605,20920,21194,24409,26057
129,16147,17399,19180,18097,18247,19666,20245,21676,21348,21248,25173,25607
130,17115,16141,19848,19727,18776,20421,19511,20304,20955,21074,26092,27044
131,16453,16796,18967,20261,18771,20118,19004,20805,20595,20820,24820,25658
132,16606,18020,17136,18979,18852,19017,20170,20100,22412,22231,24329,25892
133,15878,17617,19406,20602,25803,19138,18929,21387,21047,21083,25293,26081
134,16585,17210,18071,19205,19197,20230,18970,20447,21330,20691,25960,25379
135,16839,16829,17973,19743,18879,19289,18670,21002,20709,21135,25965,27126
136,17021,16396,18134,18793,19611,19608,19398,19970,21109,20835,24654,26373
137,16169,17117,19585,19045,19314,19242,19325,20741,21134,20681,25427,26062
138,16696,17867,19437,19307,20928,19335,19725,22799,21638,21182,25862,25632
139,23202,19922,20577,21120,20181,19955,20086,20910,22311,23458,25741,24869
140,16834,21086,19434,18852,19091,19137,19306,20354,21987,21039,24868,28454
141,16990,18389,19647,18666,18898,20052,19259,20720,20859,21099,24903,26634
142,17566,17774,18635,18774,19264,20071,19881,20012,21254,21408,26135,25452
143,18032,16836,19368,19679,18817,20610,19724,20339,21982,20921,25255,25007
144,17202,17691,19434,19533,19592,20092,20220,19884,21554,23729,24908,25387
145,16795,17995,18759,19325,19393,20717,21383,21385,21082,21923,25291,27712
146,17530,19025,19837,21409,19011,22542,20159,20138,20909,21732,25206,26124
147,17162,18917,18880,20220,18592,21344,21344,19679,23408,22795,25879,25164
148,17332,18433,19358,22366,19085,21131,20700,19236,20293,22340,25484,25377
149,18541,17500,18304,20647,18998,21111,20646,20013,20786,21676,27548,26274
150,18445,17186,18476,20796,19111,20564,21464,21114,22506,21929,25680,26600
151,17562,18294,20216,21071,19558,22084,20276,20025,20882,22192,25561,25457
152,17446,17962,19079,21298,18758,20855,20323,19718,20501,22298,25418,26430
153,18001,18698,18913,20529,18951,20669,20764,19792,21203,21627,25725,27420
154,17243,19960,19158,20119,18728,19748,20769,19979,20288,21893,27058,26724
155,17821,19131,19167,19502,19718,20129,21225,20876,23116,22002,25872,26333
156,18353,17790,19666,19706,19663,19253,20905,20235,21034,22133,25319,26036
157,19635,18099,19709,19447,20267,19747,22569,20469,20960,21419,24643,26877
158,19014,18288,20707,18768,21790,19921,20719,20543,21886,22522,25502,26457
159,18169,18387,20559,21804,20596,20534,21426,20047,21445,21582,26900,27847
160,18129,19668,20399,19540,20212,20009,20565,20429,21193,21262,25525,28891
161,17237,19038,20205,19168,20824,20522,20570,20469,21572,21606,25700,27073
162,17656,18623,19815,19653,20243,20112,22821,20705,22549,23927,25483,26159
163,17492,18989,20025,19743,22172,20459,23715,21025,22311,21390,25391,25780
164,17903,18766,21532,20394,20325,20634,21057,20908,22229,21134,25498,28196
165,18077,17873,19380,20100,20463,20393,21903,20340,22288,21775,25524,26874
166,18641,18252,19934,19921,19803,20291,21047,20269,21696,21468,26104,27502
167,20277,18057,19235,20315,20383,20530,20908,21093,21741,24227,25882,25425
168,18362,18382,19462,20952,20395,20485,20689,20483,21386,22242,27019,26327
169,18927,18865,19422,20571,20846,20833,22147,21288,21148,22411,25448,27094
170,17705,19914,19018,20119,21950,20799,20777,20887,22085,22383,25864,25491
171,17619,19796,20546,21575,20968,21734,21461,20294,20743,22974,27183,30153
172,17819,19164,19227,20839,20312,20504,21522,20024,21381,22613,26034,26852
173,19019,18794,18952,21271,20860,21006,21445,21090,23048,23819,27686,28400
174,18456,19691,19412,20397,20753,20909,22055,22097,22237,23174,25839,26265
175,19280,17818,19135,21306,22224,21325,21185,21372,21641,22515,25549,26302
176,19095,18505,20620,21432,20891,21433,20932,21309,22335,22035,24971,26062
177,18553,17818,19484,22077,20689,20248,20967,21409,22166,21684,26158,26017
178,18598,19017,19760,21149,20456,20501,21069,20839,23062,22608,25575,27970
179,17738,19241,19275,20931,20828,20787,21055,21645,21943,21672,25292,32026
180,19130,19678,19535,20370,20789,20610,23801,21637,23278,21411,25558,25640
181,17688,20333,19537,20729,20778,20788,20980,25016,21773,22164,25642,25147
182,18352,19474,19945,20324,21970,21755,20575,22173,21875,22452,25083,25772
183,18433,19401,21825,21058,21416,21887,20119,22529,21620,22163,25253,26938
184,18877,22174,19625,21427,20954,21119,20372,21478,23297,22443,25050,26653
185,19399,20107,19713,20864,24255,22058,21374,22611,21658,23477,25708,25729
186,25228,23559,20223,19958,21519,21049,20599,23148,21543,22896,25717,27208
187,27762,26420,20294,20196,22869,21858,21862,23033,22122,23357,25997,26326
188,34294,27117,22342,22537,21189,22549,21625,22096,22052,23127,26298,27541
189,19508,22882,20281,23359,21166,22282,21508,22729,24136,23507,25901,26122
190,19552,21369,21365,21173,20742,21619,22269,21759,22691,22683,25758,26946
191,18770,18742,20466,21588,21131,22200,24616,22497,22655,22072,25144,26527
192,20438,19409,20223,22149,21124,22237,23255,21554,22459,22063,28243,27779
193,19745,18619,19889,20995,21781,23023,21640,20957,21974,22543,26609,25895
194,19148,18994,19934,20973,22224,24265,25024,21315,22388,23303,25689,26340
195,18788,18847,21869,20618,21665,23331,21313,22199,23524,22887,25559,27395
196,19251,19398,19751,21492,22332,22952,21342,21558,21792,23550,25799,25959
197,19452,23534,20427,22077,21211,22894,21384,23503,21938,23979,25930,27913
198,19085,20477,20337,21284,22631,22494,21323,22174,22158,22839,24738,26933
199,18365,20201,20020,21091,22085,23306,20919,21676,21800,23034,26183,27755
200,19017,23854,20797,21075,22118,21834,20631,22429,23393,23317,26088,25742
201,19501,21457,21113,25178,23885,24341,23767,24573,24285,25290,27143,29619
202,21530,20823,20443,22944,22656,23758,21408,23166,23639,23554,25899,29083
203,21693,25037,19886,21850,21336,22582,27515,22164,22648,23155,25598,26380
204,22177,22031,20242,21173,21178,22651,22406,23012,22157,23374,26092,26337
205,27658,22151,19961,21516,22285,23235,22599,21523,22570,22953,26064,27760
206,24851,24932,19966,21672,20977,23590,21780,21332,23231,23642,28792,26913
207,20758,30442,22196,21680,23880,23137,21744,21948,22044,24022,26475,26136
208,21802,31738,20298,21955,21917,23958,22750,22549,22359,23153,25908,25888
209,19772,21725,19617,22198,23140,22550,22580,21668,23094,22995,29207,27152
210,19571,21705,20295,21708,22561,23358,21475,22446,22875,22345,26117,27795
211,18468,20187,20708,22505,22930,21864,21798,22059,23774,23428,27327,27573
212,18464,20613,22663,22317,22712,22221,21988,22747,23176,22533,25382,28650
213,18653,20743,20544,22061,22387,22509,21094,23001,22030,22864,26475,27194
214,19065,20825,20738,21380,22311,22538,21787,22976,22265,23075,26460,25429
215,18718,20478,19893,21389,22739,22882,21925,24651,21912,23080,27800,26259
216,18967,22215,20460,21589,22323,25210,22890,24308,22613,23635,26395,30305
217,19307,20339,21053,21576,21313,23983,21567,22417,23670,23902,26806,26293
218,19046,20338,20964,21656,22448,23702,22209,22518,22979,23865,25664,26835
219,20196,28738,30711,28520,22000,23430,24193,22100,22668,23563,29153,28426
220,19313,21515,21179,27438,24134,22853,23168,21946,23637,23961,28383,27812
221,20761,20403,20808,21670,22665,24124,22733,21664,23251,23264,26205,26223
222,19294,21319,20572,21817,23569,23861,22532,22521,22995,24322,26868,27755
223,19280,20461,21722,22602,22217,23056,22414,22795,22526,24146,25780,26417
224,18862,19837,21037,23765,22082,23566,21581,23003,22964,24069,26187,25812
225,20609,20027,21206,23097,21891,23241,21563,23164,22975,23960,25785,30698
226,19625,22893,19802,22339,21515,23461,21755,24083,22722,23655,25351,27174
227,19675,20576,20560,22473,22845,25478,22083,24046,23159,23483,26780,26526
228,20645,22114,21192,22406,22205,24080,21944,23424,24012,24305,26622,25796
229,19684,21159,21341,21952,22885,23670,22624,22878,23044,22928,25648,26812
230,19511,19783,22913,22900,22961,22992,24368,22407,23042,23422,26670,29121
231,19866,20222,22081,21652,24857,22579,22678,22432,22817,23600,26310,25986
232,19738,20765,21250,22103,22399,23658,22381,23155,23692,24502,25434,29353
233,21033,20396,22004,21656,22402,23029,22159,22573,23151,24999,25907,27299
234,20168,20976,22333,21246,22227,23219,22213,22430,22844,23701,27786,27227
235,20467,19796,23142,22575,21635,24117,21687,23290,23390,23187,25815,27104
236,20804,19643,21968,20779,22091,23882,21599,23133,23312,23471,25594,26565
237,20597,19646,21754,21950,23624,23618,21939,25408,23796,23347,26038,26715
238,20143,20033,22074,21342,23693,25010,22558,23698,24166,23506,28030,27551
239,20374,20346,21589,22212,23045,22989,22059,22857,22714,24927,26123,29229
240,22091,19811,21299,22012,25181,23185,22350,22943,22778,24794,25698,27945
241,20186,20017,22521,22310,23099,24061,25132,22831,23404,23682,26416,26850
242,20071,20410,21366,23617,23024,25197,22654,22403,24726,25407,26060,26366
243,20958,20372,20637,23720,22026,24289,22922,23058,23849,24860,27449,26997
244,20123,20445,21524,23920,22526,24008,22576,23119,23268,23974,27553,28711
245,19855,20390,21050,22458,23095,23867,24499,23154,23746,24015,26424,28660
246,21011,22019,23396,23368,23063,22988,22048,25461,22913,24319,25154,27497
247,19829,20419,22308,22379,23299,23630,23497,23612,23085,23878,25707,26980
248,20149,20854,22303,22745,24713,22775,23724,24239,23268,24075,28192,26282
249,20433,20270,22126,21727,22947,24788,23094,22900,25132,25440,25700,27180
250,20342,20761,22438,21858,22554,23713,23290,22586,23977,23323,26162,26690
251,20204,20879,22918,22207,22141,24344,23317,22560,23493,24114,26943,27420
252,20954,21032,23136,21997,26143,26547,23169,24289,22738,23953,26813,27332
253,20295,21307,21931,24107,23336,24976,22639,23360,35794,33879,25633,29775
254,20052,20945,21131,22691,23988,23168,22332,24192,25221,34935,25635,27699
255,20028,21085,21436,22547,23420,23131,22167,23541,24092,24844,26113,26453
256,19890,21309,21353,22302,22481,23812,22737,24373,23423,26360,25820,26866
257,20122,20617,22071,23271,22563,23880,23200,23294,23639,23574,26662,26686
258,21043,22492,22708,31039,23417,24134,24241,23117,23584,23011,26470,28687
259,19795,21096,22960,22710,23965,25839,23680,22982,22963,25104,26572,26792
260,19505,21199,22126,21852,23484,23872,23453,22798,23002,23762,25672,27125
261,19776,20808,22371,21866,24287,23884,23085,22784,22934,24105,25775,27314
262,19257,21401,22844,22162,23476,22961,22217,23165,22975,24507,27793,28410
263,19841,21142,21695,22160,24678,24634,22536,25267,25730,24152,25826,26949
264,20088,21609,21601,35711,22465,24399,22732,23571,23966,24094,26674,26948
265,20004,22530,20655,24429,22787,24392,23412,23565,23762,23498,26940,26885
266,19805,21562,21675,23478,23318,24119,22910,23091,23319,24174,27162,25935
267,20219,21010,22102,22713,23635,24278,24814,24081,22954,24349,25961,28923
268,29759,24739,23842,23068,23932,23427,23543,23768,23095,24684,26491,28073
269,24170,31957,22590,21778,27777,23367,22944,23774,25595,26429,26343,26944
270,21031,22853,22759,22627,23053,26201,22401,24020,23922,24383,25988,27203
271,21091,21648,22347,22023,22982,24630,22268,23752,24191,23836,27090,27026
272,20486,21990,21837,22872,22882,24475,22639,23901,23227,24165,26344,26784
273,20581,22011,22103,23339,24682,23823,24075,23583,24047,24574,27192,25110
274,20885,22447,23171,23359,23707,24906,23575,23765,23566,25472,25023,26378
275,20387,21877,21952,24969,23796,23823,23775,23137,23445,24388,25913,27308
276,21348,25218,21416,24057,23210,23765,24224,22966,23916,23755,27769,26165
277,20226,22408,22040,26040,22535,24311,22992,23677,23944,24616,25726,26861
278,19770,22081,22918,22865,22895,24498,22598,23682,24347,23593,25409,26710
279,19811,22166,23617,24491,24296,24505,22884,24182,24688,23807,26365,27146
280,20252,21746,22894,22640,24285,25713,23372,25262,23463,25632,26629,25900
281,21667,23149,22270,23259,23637,23594,23421,23934,23938,24648,25645,28605
282,20572,21697,22687,22455,23894,25112,25082,23529,24121,24786,25885,27610
283,20444,21844,22064,25039,23176,24403,23499,23600,24787,24188,27000,26697
284,20642,21412,21200,23396,23484,26267,23398,24747,23914,25463,26656,27594
285,20489,21961,23597,23474,24076,25199,22668,23411,23319,24781,25702,27129
286,20680,22263,22455,24217,24100,24230,22620,23890,24514,25055,26747,28937
287,21861,21745,22320,23071,24119,24646,22875,24039,24354,25247,27186,26179
288,21141,22075,23159,23086,24014,24561,23867,24498,25030,24463,25943,27555
289,21172,21772,23075,22564,23567,24052,25199,23866,25100,24609,26350,27775
290,21618,21791,22973,25063,24148,25889,25358,26023,24600,26463,27806,27153
291,20708,21277,22202,23940,24323,25186,23350,24842,23657,25081,26042,26758
292,21321,21219,21798,23615,26699,25321,23164,24506,24104,25263,25118,26567
293,21888,23232,21808,23389,23683,24965,22984,24242,24349,24402,26614,27424
294,21705,21283,21959,23390,24536,25305,24887,23844,25045,26171,26265,26141
295,21324,21032,21992,23921,23363,25506,24360,24309,24112,24784,25650,28612
296,22181,21300,23691,25363,23555,24824,24256,23489,23853,25292,25787,27268
297,22053,20871,23459,23147,23966,24485,23911,24236,24031,25183,26140,26579
298,21234,21852,22811,22624,24141,23471,23506,24154,24356,24877,26451,26010
299,22058,22617,22427,22836,24028,23817,22909,23845,24308,24825,26431,26798
300,20850,22005,24793,25254,25148,25223,24737,24820,24784,26792,25988,28101
301,21091,23446,22853,27012,25256,28015,29217,27900,25394,28558,28636,29548
302,20635,21914,22247,24777,24163,25442,23898,25314,24202,26117,25882,27797
303,20547,21612,22729,25136,24487,24255,23461,24365,24713,24580,26244,27824
304,22254,21586,23236,23964,26067,25114,24350,24347,25590,25697,29333,27852
305,20304,22254,23639,22889,24438,25219,23585,26242,24287,25092,26042,27661
306,20735,21977,23044,23470,23544,25866,23833,24285,24350,25892,26553,27738
307,20179,21579,22966,25831,24219,25688,23964,23654,24715,25717,27026,26877
308,20215,22221,21753,24316,24757,24180,24713,23586,25192,25075,26169,26864
309,20517,21550,21637,24159,24132,24416,23345,24665,25485,24560,26406,28962
310,20678,21828,22638,24465,25254,24712,23834,24771,24544,26667,26755,27470
311,20465,24113,24384,24200,24897,26121,24417,26222,24205,25345,26749,26971
312,20429,23076,25282,23215,23998,25763,23833,24162,24733,25542,26310,27738
313,21075,22523,22905,24727,24995,24948,23970,23494,25993,24948,28885,28377
314,21124,23445,22840,23607,25831,24597,23248,23598,25381,26461,27455,26852
315,21094,21930,22290,23765,23616,25717,23991,25674,24212,25681,26109,26914
316,22344,23450,22814,25053,23395,25733,23370,24339,24462,26071,26331,26938
317,20939,21592,24108,24402,23807,25214,24128,25675,24639,25278,26871,27212
318,21063,21871,23041,24090,24472,24529,23697,24057,25464,25232,26555,29825
319,21987,21445,22375,23399,24984,24347,23726,23959,26094,25428,28761,28181
320,21681,21118,22638,23366,26270,24994,24297,23789,24437,26842,26784,27059
321,21879,21890,23257,23111,23997,26163,24212,25281,24553,26078,26176,27694
322,23218,22114,23179,26676,24562,25175,23404,24770,25303,25838,27823,27060
323,21923,21900,22347,25564,24668,24906,25308,24664,25183,24892,28085,29792
324,21736,22028,21783,23988,26066,24592,24171,25757,24914,26876,27917,28037
325,21633,22340,21885,24387,24153,25986,37464,32871,24330,25587,28090,29369
326,21710,21719,22607,24192,23465,25400,28283,37838,25098,26136,28233,28398
327,23386,22948,22960,23352,24281,26180,23127,25018,24984,25248,31000,33778
328,21575,23312,23780,24773,24700,25588,23955,24370,25367,25016,29179,28966
329,21177,22837,22960,24797,24276,24324,23224,24014,26565,25318,27619,28497
330,21476,22487,22732,23531,25686,25110,24429,24265,25262,26488,29004,31403
331,21180,22796,22110,23337,24054,26326,24071,24515,25103,25660,30551,28848
332,21577,22618,23327,24961,24613,25846,23863,23400,25199,24999,27852,29306
333,22866,22557,23917,25263,25041,25191,24268,23046,26219,25666,27456,28636
334,21829,22713,23197,24128,26907,24705,23322,23659,25840,27971,27482,27950
335,23135,22300,23119,23245,24651,26153,23124,25449,25156,26920,28649,27715
336,22743,22186,22682,24579,24120,26566,23205,24230,25544,25368,27296,28679
337,22371,21748,22879,24182,25232,25581,23613,25171,24536,25276,27094,27936
338,23196,21947,23713,23981,25079,25059,23661,23728,24323,25780,26389,28167
339,21965,23500,22317,25298,24908,25016,23775,23246,26556,26377,26802,27906
340,22030,22297,22708,24579,26417,26458,23994,23765,25945,25405,27915,27327
341,21531,22426,22774,24168,24595,26664,23927,25771,26396,25320,25980,28221
342,23608,23696,23617,24758,25300,26268,23333,24666,24829,26374,26281,27691
343,22050,23987,24251,25024,25169,25087,23231,23990,26619,26520,28457,26482
344,23185,23396,23071,24213,26488,26100,23279,24594,25348,25689,27357,27946
345,22128,23395,22425,24039,24498,26714,25338,24055,25605,24875,37951,32908
346,22049,23025,22255,24279,25251,25943,24319,23752,24932,25328,28977,40909
347,22754,22004,22821,24225,25379,25818,23550,24222,25208,26393,26952,27708
348,21914,21790,22871,24272,24949,25720,23019,24525,25310,26131,26294,27041
349,22914,22172,24247,25474,24882,25688,23561,25131,26383,27732,27693,29324
350,22581,23345,23556,23887,26357,27106,23799,24308,24765,26092,27594,27977
351,22463,22674,23254,23897,25754,25319,25206,23908,24766,26125,26284,27107
352,21466,22637,22859,23917,24421,25290,24440,24167,25417,25727,26691,28156
353,21016,23061,23792,24904,24362,25913,24091,24055,27102,26487,28321,27675
354,21476,22627,23563,25671,25426,27291,23615,24370,25174,27262,26512,27698
355,21510,23079,24264,26197,25045,25768,23212,24564,27118,27663,26823,27635
356,21323,24227,24284,23912,24941,25226,24675,26150,25943,27937,27534,27329
357,21266,23158,23915,23718,24238,25412,24159,24126,25371,25697,27012,27324
358,22538,23166,23700,24552,24096,25860,24345,24013,26828,25494,27754,28990
359,22621,22196,24541,24998,25113,26052,24513,23904,25459,26491,27158,27191
360,22380,22369,23604,25936,25594,27204,23528,24467,25811,25621,26876,27366
361,22631,23514,23749,24529,25077,24960,23787,25654,25916,25635,26142,27393
362,22540,22140,23880,25759,24530,26532,24150,26142,26372,26388,28871,27413
363,21898,21782,24143,24282,24716,26216,24541,24242,25727,28167,27293,27578
364,22144,22559,23791,26565,25534,27443,24966,24157,26574,25494,26184,27304
365,22456,22943,23624,25164,25104,24731,24243,24183,25321,25753,27372,28269
366,22086,23559,23981,24698,25119,25393,23995,26362,25409,26143,27350,26536
367,22416,25319,23570,25002,24145,25265,23551,25125,26145,27013,27063,29071
368,21424,23951,24062,23671,24229,26231,24221,24656,26906,27536,26958,28409
369,22836,23732,24009,24299,24974,25376,25208,23988,25660,26299,27242,27571
370,22448,23214,23681,27251,25131,27418,24678,24041,25556,26133,26126,27882
371,22790,22905,22826,25219,24891,25747,24673,25134,25681,26296,29017,28358
372,23323,24391,23372,25739,24691,25998,24242,26946,27654,25717,27080,26736
373,22368,22604,24333,24402,25136,26179,24361,25101,25447,25668,26457,27137
374,22537,23231,25085,27049,25678,27047,24173,25346,24855,26492,26275,27312
375,21902,23480,23625,24982,26699,26231,24206,23540,25515,27085,27117,27182
376,22235,23170,22960,24548,24672,27765,25074,24479,26117,25978,27621,28149
377,22635,23553,23409,24690,25436,26259,23561,24719,26757,25874,26364,28775
378,22237,24755,23871,24713,24772,25212,23990,25358,25493,27774,26732,28028
379,21916,23281,24177,24824,26380,26190,23646,24239,25396,26392,26955,26897
380,23837,23023,24352,25940,24521,27296,23376,24039,26300,26131,27149,27420
381,22956,23023,23482,25133,25929,26659,24325,23895,25563,26108,27239,28471
382,23925,22845,23003,25515,25846,25761,24740,24569,25474,28480,27609,26806
383,22823,24456,23521,24854,26948,25385,23622,24937,25641,26434,26603,27935
384,22744,23153,26163,24924,24719,26884,23035,24709,25370,25832,26383,27896
385,22104,23113,24307,24497,25182,26443,23276,25082,25645,26173,28706,26889
386,21511,23996,23970,24515,26017,26478,25425,24396,25213,26507,26430,27998
387,23146,23866,23668,24975,25675,26309,24281,24856,27738,27200,26465,27129
388,24514,23159,24779,25401,25438,26149,24114,24460,26129,25574,27035,26945
389,23117,23667,24353,26711,26428,27582,23636,24595,25612,26155,27632,26339
390,23024,22848,25431,25609,26153,25941,23944,26079,25699,26292,27054,29557
391,23415,22895,24191,25451,26446,30313,26090,24656,26951,26895,26853,27752
392,23585,21904,23805,25278,25245,27021,26573,26073,25788,26165,28218,26915
393,24327,23667,23872,25083,26026,27912,24586,25320,25647,26589,26704,28931
394,22101,24653,26068,25973,25655,25616,23415,25199,25879,26204,28206,27886
395,22294,24000,24390,25935,25220,26178,23974,24832,26302,26454,27538,29827
396,22522,23585,23932,24658,24994,26283,25480,25402,26942,25582,26351,28264
397,23124,23408,23604,24699,25238,26511,25966,25142,26397,31903,27179,27682
398,23399,23185,23560,24920,26374,26803,24167,25103,25789,26855,26981,26633
399,25011,22848,23906,25820,25169,28167,23662,25723,26285,26703,26913,29427
400,23695,22642,25831,25719,25364,26870,23621,25170,25669,26214,27144,29306
401,23050,25973,26025,28585,27498,28949,26268,27820,26816,30774,27800,30755
402,22180,23903,23538,26219,27133,26563,26275,25288,27184,27253,26524,28740
403,22460,23924,25967,25427,24806,27439,24468,25337,26362,26174,29116,28416
404,24751,24903,25974,26817,25700,27008,23445,25676,25192,26188,26565,29067
405,23279,23776,24123,24259,26025,25832,24050,25731,25820,26456,27053,27912
406,23471,23246,24201,25267,25205,26685,25687,25369,26698,27684,27343,27717
407,23465,22807,22952,25337,25236,26243,24609,25109,25774,26729,27230,28789
408,23157,22777,23180,25622,27069,27132,24177,24577,25276,26707,27259,29767
409,22776,24117,23468,25140,26871,26210,23689,25007,25927,26579,27496,27404
410,22491,26065,25249,25312,25649,26606,24221,25449,28308,27171,26507,27845
411,23534,23631,23976,24813,24914,26931,24823,24954,25232,26520,26671,27853
412,23698,24048,23845,24591,26045,28063,26886,24664,26056,27190,28514,28171
413,23149,23132,24232,25498,25287,26012,24656,25119,26284,26317,27534,28405
414,23377,23285,27436,28198,25148,25831,23902,25662,26377,26048,27158,29816
415,24215,24137,26091,26966,25365,26236,26068,25995,27288,26852,27489,27665
416,22739,23653,24169,25595,25027,26503,25443,24947,26638,27874,27147,27040
417,22575,23956,24767,26253,26838,26325,25514,25134,26047,26306,27408,29757
418,22296,23977,25403,26677,25613,28707,24379,25082,25913,27220,27119,27354
419,23048,25184,25506,25275,25925,27360,24035,26303,26855,26854,27292,31314
420,23771,24145,24962,27988,26370,26583,24032,26329,25799,27853,27177,29041
421,22715,23558,26079,27315,28637,26396,25337,25249,27430,26106,29042,27581
422,22836,22137,24048,26918,26390,28558,27011,25180,25703,26777,26811,28485
423,22765,23314,25234,25619,26537,27315,24596,25972,26130,27684,27045,27992
424,23027,22790,26310,27711,26194,26018,24410,26132,26866,26443,27396,27497
425,23447,23029,23839,26207,25147,27441,25077,25879,25890,28616,28831,27675
426,22281,24419,24439,25256,25931,26733,27400,25805,25537,27230,27668,30593
427,22135,23660,24323,25455,27108,27502,26424,26845,26707,26863,27869,28094
428,22616,24199,24839,25934,26223,26661,24944,26679,26634,26401,26742,28065
429,22387,24064,24869,24994,25306,26884,25792,25581,26038,28097,26980,28270
430,22956,23470,24500,27542,26506,27553,25206,25371,26403,27040,28773,27058
431,25496,23245,39330,31486,26104,28273,24868,25227,26182,26213,27111,28608
432,23003,23392,38556,42041,25381,27485,25387,28133,26807,26602,27190,28055
433,23930,23563,23989,30621,25598,26797,25198,26343,25932,27186,28504,27229
434,22833,25662,24634,26300,26292,26849,25534,25283,27709,27844,27463,28963
435,22488,24234,24334,25252,26451,26495,25390,26105,27095,26114,27716,30380
436,24445,25705,24902,25047,27142,27366,25724,26763,25930,26444,27338,27582
437,22967,23604,24575,25633,26439,28020,25593,26796,26393,27616,26999,28889
438,23638,23686,25063,26186,26579,27363,25737,25346,28136,26176,27047,27809
439,23103,23161,25336,26715,25453,26788,26084,25930,25872,26461,29448,27510
440,23258,23340,27153,25245,27918,28228,25211,25586,25809,27407,26239,29381
441,22744,23864,24889,26974,26781,26654,25575,26466,26102,27192,27571,28274
442,22894,26274,25211,26299,26282,26738,25981,26990,27112,26644,27164,28047
443,23096,24840,25284,27336,25681,27338,25328,25666,27609,26688,28427,28443
444,24281,24617,25793,25213,25613,27615,24686,25709,26465,28097,27755,28813
445,23444,23265,24835,25646,26359,26458,25693,26339,26385,26718,27867,26852
446,23928,23361,24656,25786,26105,28657,25716,27508,26282,26746,27487,29956
447,23435,25659,25740,34622,25916,27362,25611,24958,26073,27288,27643,28070
448,22735,24060,26276,26385,26791,27337,24980,25272,27383,30097,29092,27988
449,22714,24325,24807,27232,28049,26364,25347,26955,26892,26755,27657,28600
450,24640,26497,24583,26112,25588,28517,25213,26056,27041,30146,27533,28140
451,23988,24503,25293,26539,25794,27535,27611,25187,27165,30132,27333,28184
452,25552,24222,26744,26175,26237,26408,25325,26422,27219,26582,28371,28576
453,23468,24122,24881,25952,25676,26836,24310,26456,25882,28318,28010,29467
454,23199,24332,24142,27005,26760,27051,25505,26295,28471,29321,26953,27369
455,22315,24033,25016,26409,27311,28292,26748,25904,27252,26792,28271,28286
456,22584,24450,25545,25782,26436,29051,26207,26517,26348,27332,28268,27795
457,24599,25868,25783,25574,25918,27580,26595,28085,26878,28967,28234,29046
458,23675,23545,24777,27947,26986,27017,25550,26109,27275,26432,27167,28563
459,23755,23399,25270,26754,26369,28330,25835,25184,25993,26267,27923,28815
460,22923,23462,26164,26851,25769,27777,25607,26106,26319,27237,26570,28081
461,22702,24065,25199,26474,27114,27387,25157,27855,26883,27130,29329,28980
462,22442,24895,24954,28045,27281,26753,25714,26753,26768,28175,27158,28000
463,23017,26334,24960,27072,26483,26794,25625,24992,26085,27577,26742,28440
464,23497,24112,25589,25387,28694,27494,25391,25868,26508,27321,27514,28503
465,23555,23459,25218,25711,27772,27107,25746,27458,27262,26681,27784,27375
466,23898,22974,24265,26127,26067,27876,25623,26388,26569,28423,27712,30806
467,24709,22823,27006,27654,25905,27232,26344,25629,27004,27421,27830,28144
468,22715,25395,25813,26310,27390,29233,26116,26044,26920,26790,27339,28797
469,23089,24084,25465,25279,26700,26861,25438,26427,26382,27566,26541,28164
470,22673,24164,24962,27037,26002,26794,26582,26061,26382,27930,28720,28134
471,23815,23978,26755,26670,26360,27053,26159,26606,27454,27754,27617,28471
472,23700,23681,25405,27023,26763,26689,25731,26636,26819,27110,27396,28089
473,25043,23566,25558,26810,27047,27233,25035,26418,26385,26901,27895,29542
474,23250,23354,24341,26696,34000,28058,26373,26548,27020,27697,27118,27980
475,23229,24129,25641,26703,27456,29191,26885,26592,28262,27024,27439,29292
476,22554,24133,25859,25961,26190,28097,25504,26611,27106,27547,27402,27639
477,22166,24496,25813,27284,26987,29680,26262,26543,26373,28274,26804,27573
478,24337,25241,24627,26805,26834,27269,25737,26213,27101,26670,27084,28619
479,23621,23906,24835,26549,26113,27292,25930,25642,26570,27239,29137,29934
480,23961,23602,26441,27176,27010,27601,26210,27979,27992,27574,26801,28291
481,23877,23478,26022,27690,26813,27486,27383,27679,27138,27489,27626,28503
482,23967,24245,24842,26840,27811,27970,26147,26107,27158,26873,27290,27710
483,23370,24617,25940,27335,26585,28744,26099,26191,26673,27506,26889,27625
484,23084,26556,25541,25995,28686,29229,26296,27762,27963,27065,27866,29871
485,23963,24578,25280,26230,25929,27656,25603,26788,26935,27221,28102,27622
486,25237,25583,25846,26602,27777,28939,26185,26100,25906,27620,29200,32121
487,24316,24511,26398,28516,27611,27804,26194,26273,26738,27792,27295,27698
488,24987,24218,25812,25786,26422,27829,25879,26525,27012,27280,28883,27856
489,22837,26132,25804,26210,26828,28348,28142,29564,27664,27049,27079,28344
490,23677,25281,26681,27373,27728,27977,26048,27065,35980,42189,28011,28531
491,23840,23915,25405,27355,27753,27692,25385,26971,26507,28124,27184,27758
492,24156,23952,25744,25826,27304,29011,25679,26654,27227,27812,27392,29498
493,24677,23144,24913,27126,27649,27875,27356,26306,28018,27794,27267,28817
494,23847,25909,25110,26915,26268,27791,26343,27065,26553,27575,26953,26652
495,22913,24480,26545,27004,27571,29289,25597,26777,26508,28189,26274,27613
496,23537,25124,27179,27564,27533,28558,26277,26923,26857,26951,27052,27782
497,23807,24168,25168,27294,26380,27125,26383,25633,26400,27623,29093,27679
498,23627,23501,25326,27112,27262,28423,25480,26329,28629,28175,26227,28443
499,23938,26002,28817,27518,27338,27938,26814,28556,28126,27502,27547,29653
500,23605,23947,25543,29581,28076,27712,26584,26751,26634,27485,27200,27746
501,23626,26226,27380,30512,28342,31522,27405,29130,28962,30535,27703,30073
502,23325,24649,26256,26611,28223,27449,25992,27452,28515,28356,27943,29509
503,23568,24383,26288,26347,26257,28018,26848,27938,27094,27466,28417,27608
504,25682,24277,26123,27029,27468,29484,25884,25912,26762,27528,27252,28925
505,23926,23976,27431,26962,27426,27408,25819,26637,27164,27357,28027,29500
506,23581,24125,26086,28263,26266,27458,26309,27457,26768,27943,27925,29168
507,22854,25444,26429,27406,27029,28901,25985,26448,28466,29262,26756,28575
508,22909,24990,25653,27430,27896,27979,28721,26586,27361,27903,27846,27982
509,25103,25941,27640,26485,27713,28041,25912,27159,27206,27826,27010,28686
510,24119,23811,25421,26625,27428,28967,25949,26851,27396,27851,29825,28749
511,24244,23710,25140,26972,27490,28584,26321,25941,29036,27250,28184,29580
512,23400,24558,25982,26991,26141,29103,27527,26331,26758,28020,26874,29299
513,23311,24639,25888,27327,26908,29106,25698,27381,26894,28906,27076,27729
514,24247,24601,25749,26924,27179,27018,28404,30051,27473,27088,27942,27363
515,24159,25922,25723,28524,26785,27068,26141,27267,26698,28270,27220,30158
516,23847,24439,26413,27356,26303,27775,25650,26935,28666,28225,27040,28028
517,23874,23861,26241,26751,27531,27120,28081,26625,27187,27167,27957,27499
518,24451,23805,26783,26929,27706,26700,26274,26826,26526,27737,29027,29112
519,25173,24691,26352,29060,27186,29091,25921,26571,27326,28493,28254,29045
520,22987,25466,26361,26852,27561,28219,26170,27200,29298,27511,26710,27915
521,23569,24975,25394,27083,26943,27759,27144,26651,26729,27568,27327,28157
522,23732,24379,25749,27235,28536,28801,26864,27073,26419,28070,27586,28027
523,24247,23745,27554,26853,27513,27607,25879,26656,27332,27184,27683,27672
524,23746,24386,26615,28595,27530,27532,27170,27786,26754,27901,27372,29389
525,23611,26600,25241,27852,26743,27940,26770,26625,28877,28142,27513,29048
526,23136,25195,26349,30344,27609,28211,26123,26638,27787,27428,27142,28059
527,23980,25118,26506,26843,28309,28208,27331,29544,27001,26854,27288,28086
528,23885,23969,26077,29076,26938,29805,27266,26795,27315,27838,29186,28648
529,24748,23686,27202,29819,27914,28518,25917,26714,28869,27418,27331,29862
530,38155,36534,25770,26642,27279,28010,25940,27093,26946,27833,27620,28922
531,37537,40624,25765,26847,28377,28958,27169,28199,26943,28586,28367,29127
532,35452,50220,26143,27620,28251,27822,26334,26448,27557,27395,28226,28316
533,27457,27379,27578,26404,27234,28018,26006,27691,27210,27282,27704,30304
534,25967,26398,25611,26944,27512,28708,26326,27975,29904,27992,27707,27728
535,23675,26789,24742,26789,27618,27714,26701,26836,27832,28258,27339,29126
536,24281,25922,25348,27181,28554,28169,26931,28333,27247,27511,28119,28539
537,24757,24786,27723,25782,27007,29654,26414,28286,28263,27746,29170,28403
538,25469,26477,26124,26365,28017,27839,26436,26446,29555,28370,27518,30474
539,24130,25110,25207,27485,26728,28239,26642,26351,27255,28932,27900,29422
540,23938,25435,25340,27025,28219,30126,26730,28101,30080,28572,27263,29058
541,24915,25416,25506,26056,27752,28894,25734,27647,27725,28325,28888,28939
542,25108,25003,25584,26699,27019,28149,26296,26448,26937,28294,28136,28399
543,26308,25947,25630,28283,27129,28587,26321,26887,30535,29504,27546,28615
544,24097,25564,25572,26566,27522,27719,25736,26961,27763,28443,27560,28522
545,24636,26013,26409,25968,28589,28487,27876,27198,26957,28182,27698,29249
546,24720,25899,25324,27226,27558,29581,26286,27605,27921,28169,28512,29264
547,26156,25024,25499,28536,27534,28833,25583,27348,28878,28120,28185,28416
548,24301,27113,26342,27151,26844,28868,26034,27373,27538,28641,28018,27793
549,23810,25947,26543,25901,27634,29947,27648,26649,27544,27849,27514,28766
550,25737,25694,25819,27128,27538,28136,26916,28952,27337,27631,29133,28385
551,26325,27702,26343,27496,27855,29035,26637,28802,26933,28131,27075,30084
552,25793,24322,28065,27394,27923,28573,31555,26869,28533,29464,27973,28698
553,24955,28154,26156,27204,27657,28320,25933,31517,47124,40755,28074,27637
554,24623,26193,25882,27583,29335,28552,29099,28307,47062,49798,26721,27933
555,24941,25324,26150,27706,28009,28083,27171,27181,32350,74961,28691,29726
556,25083,24622,27717,27366,26933,28218,25479,27122,27989,27868,27806,27413
557,26091,25596,26545,27558,27850,28858,26147,27894,27702,27673,26853,28233
558,23157,26740,26803,27647,28405,30080,28218,27090,26833,27648,27398,29847
559,24234,26332,26896,27227,26930,28795,25960,28156,27145,29764,29295,27839
560,24631,25792,25905,27266,27466,28693,26572,27169,27425,27772,26104,28563
561,24773,24590,27976,28402,27347,27800,27794,26760,27249,27930,27498,29031
562,24479,25155,27344,28359,27707,28559,26385,27483,28077,27523,27244,27834
563,24845,27609,25827,27756,29019,30146,26008,27219,27376,29137,27088,28261
564,25112,26281,26798,27677,27886,27972,27471,29561,28063,27353,28231,30938
565,26297,25743,28612,27356,27274,29512,27103,27160,27027,27438,27799,27704
566,25519,24982,26256,26956,28785,28417,25983,27697,27030,27935,27180,28395
567,27203,25988,26012,27834,27361,29323,26987,27743,27893,27905,27708,28010
568,24768,26120,26475,27415,27672,28860,26996,28778,28105,30026,28023,29405
569,24592,24957,26780,26734,27316,28269,26379,27141,27815,28787,27297,28379
570,24969,25132,26529,27835,27359,29037,26801,27210,27619,28161,27587,28105
571,24217,26515,26627,29371,27930,29441,26538,26996,28138,28624,27337,29906
572,25340,26182,26796,27391,28237,29873,26808,27074,28222,30720,27008,28509
573,25554,27076,26178,27528,30749,29067,27107,29648,29189,27920,28368,29673
574,25376,25315,28424,28128,27761,28931,27053,27479,26857,28629,27636,27934
575,24461,25314,26746,27109,29429,27846,26573,26933,28212,28733,27613,28914
576,24000,26645,26313,28004,28125,29540,26252,27248,28871,27794,28155,27253
577,26305,27853,26089,27863,28005,28163,27076,28565,27902,29821,27510,31251
578,25983,25208,26369,27993,27388,28843,26817,26693,28359,28040,27885,28084
579,25257,25120,26509,27152,27547,29043,25884,27814,26622,27347,28096,28347
580,24455,26375,26710,29332,28257,28211,26257,28280,26562,27874,26944,27835
581,24970,26546,26757,27678,29575,30190,30183,27331,27301,28519,28505,28568
582,26905,25497,27238,26597,29319,30869,27811,29181,27645,28002,27773,29172
583,25399,25818,27356,27906,28074,28961,27344,28009,27038,27654,26934,28839
584,25040,26037,26716,28976,28705,30355,27206,26684,27993,27461,27926,29202
585,24741,26764,26295,27725,28190,28535,26102,27186,28592,27389,28201,27366
586,25173,26295,26131,27393,27276,28571,27883,28385,27064,29151,27619,30095
587,26183,27852,26160,27805,28512,28341,27359,26771,27647,27879,27580,27954
588,24921,25917,27582,26925,28094,28245,26332,27188,28162,26945,27239,27636
589,24591,25914,27300,28978,30137,28912,28375,28512,27418,29092,26943,28129
590,25376,25850,26645,28476,28351,29072,27114,28301,27445,29015,28661,28834
591,25428,25321,27582,29320,27650,29938,28129,27717,26992,27434,27054,28640
592,25776,27354,27023,31353,27798,28891,27015,28191,26972,27913,27201,28944
593,24078,26434,26679,29305,29238,30134,27656,27217,27857,28520,28212,28231
594,25066,27378,27401,27873,26787,28964,27439,27030,28811,27666,27006,28259
595,25788,25509,26351,28172,28546,29175,28165,28365,27635,29337,27940,30137
596,26761,25784,26638,27948,28211,28437,26864,27140,28991,27618,28051,27924
597,24481,26758,26948,27274,28155,29235,26899,26862,27494,29168,26813,29576
598,24987,26526,27084,29716,29224,29777,26809,28719,30377,28340,27480,28447
599,25515,25558,26852,27721,28008,28786,27178,27520,28604,30552,29060,27519
600,25616,25475,26864,27291,29631,28925,31032,27389,26793,28620,27139,28664
601,26310,28528,27914,30960,30714,31682,28057,31016,29191,32149,29182,31222
602,26102,27992,27149,29755,28325,30309,27416,27712,27282,28567,27454,28338
603,25309,25287,27271,27418,28309,28805,26804,27144,29917,28261,28898,28722
604,25011,26354,26487,28249,27759,29082,28649,28838,27431,27809,27610,29970
605,24480,26020,27390,28175,27723,29040,27725,27307,26989,28105,27722,28211
606,26705,28399,29110,27484,29305,28226,26867,27558,27455,28249,28217,28561
607,26218,25386,26681,30584,27236,30857,27018,27995,29312,27612,27995,27514
608,25651,24732,27003,28237,28433,29260,27194,26908,27086,28254,29293,27874
609,24536,26343,26590,26925,27970,28698,29223,27385,27219,28423,28521,36114
610,25064,26638,26738,27775,29250,31301,26980,27856,27302,27680,27503,29195
611,27758,26003,26409,30253,28307,28921,27118,27405,26956,28207,27092,28458
612,25955,26392,27550,27539,27645,29306,27134,26718,29632,28177,30099,27898
613,26622,27599,26566,27782,28474,29769,29608,28014,27955,27991,26915,28473
614,25327,27209,26290,28519,29284,28599,27495,28977,27315,29085,27492,29037
615,26265,25570,27311,28051,30334,29370,27549,27082,27935,28203,27423,27415
616,25026,27907,27767,29075,29008,28915,26921,30731,29827,27854,27141,27805
617,24487,26677,26889,28436,27839,29719,28097,28014,27463,28368,28469,31797
618,25373,26441,27119,27902,29211,30093,28056,27873,27928,28526,31089,27691
619,26045,26264,26666,27825,28091,31308,27048,28057,28020,27436,27408,28546
620,25915,25998,26724,30048,27981,29589,27204,27186,27230,28540,27906,27712
621,25098,28184,27161,27972,28413,28583,26729,27332,29162,28939,28240,28068
622,25091,26930,26539,27787,27309,29488,28139,28566,27377,27757,27163,28707
623,26242,26807,26758,27707,28028,29608,27656,28625,27122,28503,28013,29405
624,25190,25911,27173,28122,28826,30873,26835,27351,28288,28044,27386,28072
625,27605,26254,28088,28578,27770,30189,27155,27877,29104,29205,27060,28674
626,25939,26397,26345,28359,28161,29091,27294,27752,28198,29038,28116,29148
627,25582,25490,27760,28055,29441,28633,28848,27944,29704,29958,27429,28254
628,25051,26583,26533,27592,28140,30021,28692,29244,27191,27918,27793,28496
629,24776,26281,26705,29781,29130,28373,27825,27555,27355,28535,27978,28142
630,26678,26166,27087,28225,27791,29055,27131,27416,28700,29082,27695,30375
631,26045,26508,27104,28411,28429,29141,28050,28120,26860,28250,28039,29078
632,24834,25237,26358,28236,29092,28894,27253,27407,27377,28881,27862,27325
633,24552,26576,27460,28635,28263,30504,26735,27577,27690,28080,26894,28278
634,25547,26872,28075,28968,29146,30093,26608,28377,27896,30215,28129,28878
635,26304,28228,26786,28192,27921,29614,27550,27292,28170,28524,28226,29748
636,25122,26429,26871,28046,29265,30391,28549,27122,27634,27942,28029,29946
637,24944,26119,27399,29447,27952,29284,29951,29664,27386,28150,27917,28412
638,25297,26446,27437,30373,28146,30151,27502,27929,28366,28121,27801,28306
639,26588,26635,26960,28178,28678,28734,26919,27304,27428,29988,27492,30046
640,26479,26725,27153,27763,27538,29164,28887,28593,28540,28289,28792,27768
641,24559,27254,26709,27919,29987,29935,27748,27820,27852,28864,27384,28313
642,26219,27354,27271,28136,28440,28972,27249,27374,27128,28145,27438,28845
643,26443,25346,28378,28849,28524,29309,27567,28588,27803,30374,29590,29109
644,27248,26263,27028,29648,29132,28941,28612,28667,28060,27913,27046,29228
645,25218,27376,26913,27991,28617,30716,28812,29983,27476,29134,27407,28952
646,25731,27259,27456,28411,28533,29275,28298,32655,27855,28816,27672,28285
647,29105,26202,28027,30316,28312,28688,27664,27714,28329,27442,26649,28295
648,24899,28561,28645,28950,27953,29833,28100,30975,27559,29717,28026,30844
649,26484,27195,26325,29018,28950,29457,27972,29389,28437,28494,28035,30069
650,25754,26419,27714,28459,27940,31444,27414,27608,28193,27734,27554,28245
651,25371,25594,27581,27902,29124,31551,28513,28033,27862,28554,27865,27848
652,24490,26389,27586,29048,28071,29854,43696,39789,28070,29888,29909,27957
653,25579,27195,27641,28839,29963,29587,44346,46478,27524,28528,28019,29007
654,26682,28039,27187,27915,28515,28912,43853,46052,27485,28492,28182,28048
655,26026,26034,27116,28682,28024,29916,36658,45839,28688,28361,27693,28463
656,25232,26648,27735,30347,29218,30325,28524,31125,28921,28171,30598,31104
657,25850,26275,27285,33907,28660,28965,27771,29282,27713,29539,27459,28592
658,26176,26461,26959,28987,30604,30140,28334,27808,27941,27988,27198,28619
659,26041,26458,28285,28204,31187,28735,27770,28883,27368,27745,28579,28423
660,24832,26881,26851,28342,28253,30426,29561,30261,28811,28646,27466,27886
661,25923,26649,27242,30679,29078,29822,28860,29676,27911,29410,28407,29247
662,26085,25854,27435,27674,28186,30993,29803,32141,27595,29383,28833,29268
663,27272,26441,28476,31288,28572,29716,28745,27909,27901,28732,27203,27433
664,25168,27416,28614,28696,28659,28955,28187,30601,27615,28412,27372,28926
665,25342,26773,28159,28021,28720,30040,27600,27619,29564,28565,45795,28493
666,26064,25803,27209,28588,28715,30167,28062,27141,28239,28363,45508,48518
667,25514,27186,27612,28515,28164,31518,27310,30791,27471,28791,46935,52233
668,25894,26846,27621,28287,46341,46560,30652,29148,28020,29246,45915,49700
669,26559,28517,28229,28839,45933,48185,28370,29319,30230,27778,45737,48775
670,25446,25650,27943,33676,45679,47780,28074,29231,27865,28798,47039,48248
671,25125,26289,26958,28499,48739,47039,28109,27655,27940,28422,47145,49487
672,24633,26514,27773,28480,30257,32704,26986,27683,27991,27733,47312,49608
673,26627,27896,29506,27957,30811,32275,29145,31652,27227,28407,30190,57179
674,26535,25182,27089,28548,29005,32239,27554,28234,29617,29721,29037,28364
675,25206,26124,27676,28663,27593,28486,27202,27960,27740,28234,27998,29121
676,25641,26938,28179,27577,29936,28506,27676,28243,27361,28759,28456,29302
677,26000,26075,27084,33197,27935,28340,27870,28266,28522,28091,29739,28438
678,28595,26653,29557,28980,27486,28312,28393,30040,28796,29130,28217,29653
679,25035,27110,27289,28807,28018,28520,27498,28440,28588,28883,27903,28524
680,26719,27525,27334,28930,28295,27904,27385,28253,28556,27882,27705,28165
681,26423,25858,29765,30463,28566,28775,27537,28455,27882,28462,28053,29219
682,27361,26538,27045,30117,28304,29241,28194,29415,28450,29082,29395,30579
683,26401,27652,28253,32886,28525,28487,27457,28086,28460,29844,28126,30424
684,25582,27401,26869,28986,27324,29386,28399,28400,27534,28798,27858,28974
685,25649,26258,27684,28356,29180,30761,28198,27838,28220,28099,28642,29025
686,25464,26336,27752,28223,27774,28796,28039,28656,27787,28319,28995,30587
687,26879,27152,28145,29151,27406,29167,28316,30327,28330,30743,29260,28298
688,27402,27750,27707,28866,29573,28561,27590,28172,29015,28969,28083,28894
689,26115,26013,27620,27727,27658,28711,27103,28446,27390,29006,28046,30529
690,25114,26931,28648,35225,30440,29410,28926,28601,27756,28638,29126,27719
691,26167,26642,28066,29640,28129,28341,27418,29920,28315,27922,27863,29767
692,26427,27996,27182,28324,28409,28660,27319,28627,27968,30483,27671,29045
693,25361,26443,27276,28810,28938,28355,28039,28022,28164,29007,28454,28361
694,25394,26772,27896,28243,28346,30240,27537,27691,28579,28378,27802,30063
695,25974,26778,27124,28500,28533,28925,27342,28342,27848,29098,28657,30763
696,26757,25907,28143,33574,28697,27897,28513,29809,28236,30159,27477,30550
697,26245,27395,27620,27879,27285,28986,27137,28606,27582,29444,28211,28663
698,25518,27200,26992,28106,28546,29857,27591,28826,28197,28792,28099,28042
699,25584,26827,31445,29867,28217,30783,28966,28341,28578,28483,29012,29701
700,25908,25867,27588,29791,28484,30358,27232,29678,29024,28832,28559,28890
701,27043,28576,29671,31663,30108,32537,29115,31677,29797,32999,29212,31972
702,25675,27060,28752,28365,32151,31901,28101,29147,27660,28813,29006,29330
703,25645,25853,28388,33791,28808,28786,27754,28730,28020,28999,30152,30768
704,25298,25929,29559,28216,28498,29812,29231,28023,31074,28449,28333,30006
705,24968,26562,27030,28864,28587,29187,27456,28878,28423,29342,28629,28401
706,26701,26746,27452,28387,28399,28260,27918,28609,28963,29117,27747,29641
707,27693,26901,28107,29199,30477,29144,27933,27702,28757,28688,28019,28869
708,25805,26001,27373,30004,29308,28545,28696,28256,29175,29216,28205,30411
709,24480,26602,27999,31417,28076,28909,28569,29592,28976,30404,28109,30779
710,25855,27892,27297,27807,29015,29515,28172,27757,28560,29237,28610,28407
711,26223,27912,27068,28060,28726,31751,27318,28915,28409,28938,27663,28270
712,24981,26384,27742,28619,28055,29063,28496,30068,28369,29098,29751,30417
713,25116,26774,29111,28987,28518,28295,29131,29264,29301,30793,28602,29185
714,26435,26790,27412,28731,27923,29150,27794,29036,28970,29086,27936,28955
715,26567,25621,27395,28614,28440,30235,28392,28029,27690,28977,29563,28974
716,26133,26824,27355,33947,29646,30049,27764,28175,28764,29173,30436,30437
717,25004,26981,28144,31244,28313,30171,28634,29463,28822,28814,29206,30313
718,25538,26888,27950,28199,28814,29098,28333,27728,30652,32882,30528,32175
719,26089,25764,26607,29193,29882,29087,27635,28143,29062,28834,29389,30415
720,27169,26018,28292,28800,28852,29727,27686,29825,28368,30028,30511,29677
721,25455,27316,27270,28741,28875,29083,28172,27510,29872,28719,29412,30723
722,25365,26354,28690,33880,28732,29411,28756,29495,28473,30485,29630,30734
723,26094,25949,34264,33314,28742,28753,28020,29632,28828,29617,28388,29453
724,25388,26803,27542,28771,29435,28349,27475,28389,29265,28512,29345,29775
725,26145,26792,29612,27978,29245,30602,27981,28611,28148,29516,28754,31137
726,26382,27391,26812,28288,28712,28862,28636,29945,29469,29896,29777,30345
727,25803,25836,27495,28256,28101,29709,27616,28215,28189,28957,28809,29859
728,24722,26555,27535,27350,29522,30423,28403,28719,29731,29520,28829,29845
729,25034,26977,26971,29404,27611,28730,28344,28069,29210,29937,29923,33093
730,26594,28470,28300,28376,28335,29460,29505,28851,28491,30570,28706,29943
731,25447,26200,30093,30005,28940,28974,28126,29884,29089,29041,28568,29411
732,24856,26472,26466,28679,28646,29966,27788,28208,27853,28978,28449,29480
733,26216,26631,27615,30471,30599,30449,27628,28779,28171,29275,30303,30252
734,27183,26350,28169,28452,28514,29514,28425,28640,28674,28096,30172,29228
735,26548,28326,27637,28770,29379,29354,27606,29973,29068,30792,30801,31748
736,24468,27187,27894,29948,29259,28720,27622,29395,28402,29072,30491,30342
737,26452,28396,27130,28660,28594,29842,29260,28030,28552,28594,30623,30662
738,26033,25925,27486,28769,29293,28944,27484,28618,28856,29144,29387,30263
739,26936,26377,29558,27960,28206,28834,29620,28834,28947,30067,29197,29915
740,25800,27436,27193,28794,28600,29512,28804,29216,28065,29931,29826,30514
741,26095,26169,27451,28620,29128,29097,28182,29123,28865,28766,30879,30156
742,28576,27127,27531,29323,28495,30454,27962,29031,28367,28826,29691,31781
743,25012,27466,27063,30067,29988,32981,28658,28563,29973,30013,28962,29581
744,27228,27195,27542,28621,28171,29169,27876,29429,29366,29324,28856,29268
745,27450,27174,27928,27682,30495,31330,28238,28161,28245,29676,29861,29106
746,25791,27096,26779,28074,28533,29027,27557,28933,28750,29620,29409,30168
747,26302,26926,27908,28571,28539,30327,28949,29147,30582,28901,29763,30823
748,28567,29060,28385,28444,28858,28817,29569,27943,29228,29498,29135,31339
749,25964,29427,27488,30293,27966,29523,28360,30115,29217,28736,29568,30471
750,26034,27869,27827,28046,30577,29488,28074,28360,28831,29859,29522,31584
751,26573,27032,27634,28522,28572,29043,28319,28402,29109,28921,29092,30048
752,26320,26926,27782,30298,28505,29374,29557,29257,28706,30603,28901,29544
753,25611,26798,28581,28312,29661,28758,28612,28202,28461,29439,27952,29754
754,27471,29891,27096,29644,28361,30460,27940,28035,29644,28507,28673,30879
755,27712,27253,27451,30187,29101,30327,28436,29260,28012,29210,28394,30200
756,26110,27550,28313,27802,28510,29442,29429,31304,29077,31003,28332,29685
757,26680,29749,27532,29896,28521,29671,28893,30143,28562,29515,29634,28817
758,27097,28722,27759,29143,28985,28539,28146,29119,28295,29441,29709,29645
759,25965,27405,28170,28362,28839,31813,27492,29113,28934,28878,29227,29626
760,26220,27510,28458,28377,29464,29877,28076,29382,29471,29788,28183,28867
761,27072,27353,28057,29289,28213,28961,29373,30072,28903,30294,29636,29816
762,26687,27013,27441,30060,30377,30186,27885,28919,28465,28482,30106,27900
763,27206,28966,27039,28675,29192,28541,28124,28907,28418,29188,28364,29830
764,27270,27658,28033,28172,27981,29720,28392,28258,30955,28322,28856,29517
765,30515,27014,27466,29101,28479,29171,28611,32932,28362,29522,28199,28619
766,26693,28330,28005,30742,28563,30002,28681,29436,28900,30245,28380,29475
767,27636,28589,27678,28483,30704,29158,27987,28678,28612,28611,28926,30605
768,26218,27337,30181,30825,28745,29030,27868,28302,28791,29068,27933,30457
769,25964,27541,29212,28275,28480,29437,29232,28455,29782,30042,28561,29858
770,27436,27037,27055,28341,29366,29298,27518,29938,28326,29274,28612,29300
771,27034,26757,27756,29293,29254,31189,28440,30132,28440,29646,29208,30547
772,27114,29670,28343,27848,28986,29394,27571,29654,28692,28877,28664,29158
773,27288,27657,28809,30639,28340,28452,28221,29283,29604,31046,27991,29234
774,28212,27709,28961,28949,28134,29113,29663,29266,29117,29929,28966,29321
775,25556,28223,27945,30482,28419,28957,28016,29350,28311,29090,29635,29750
776,28332,29249,27864,28664,28940,31378,29320,29197,28574,29398,28981,30003
777,26847,27068,27599,29364,28307,29639,29091,29541,28936,28715,29123,29029
778,26016,27784,27684,29741,28372,28749,29297,34470,29231,31160,29565,29427
779,27360,27903,27643,28926,29786,29498,28486,28885,29261,29176,29225,29598
780,27767,26884,27467,28409,28959,29335,28034,29310,29041,29445,28529,30561
781,27220,28828,27551,30839,28240,29050,28503,28640,30597,29994,28948,30827
782,28536,29879,28602,28994,29378,29671,28272,29244,28559,29503,28752,28169
783,27183,28192,29691,28479,30149,30371,28732,30926,28906,29529,29057,31175
784,25906,28079,27767,29210,30532,28759,28486,32724,29383,28633,29245,30640
785,28611,28744,28340,28715,29373,29198,27761,29002,29809,31252,28242,29292
786,27925,27375,27706,29276,28608,29111,29414,29152,30514,30242,28047,29272
787,26288,27949,28260,30919,29212,29800,27763,30147,28423,30249,29211,28847
788,27247,28359,28715,29559,28645,30728,28061,29466,29112,30481,29314,31511
789,27244,27116,27535,29338,28637,29652,28004,28938,28674,28958,28996,28957
790,27663,29294,28171,29225,29360,28533,27858,29092,29421,31252,27998,29366
791,26329,27996,27557,29857,27811,29473,29788,33173,29738,30497,29134,28760
792,27740,28030,28052,30576,27835,29230,28483,30581,28743,30037,29528,28416
793,26116,27616,28698,28869,29546,30133,28079,29486,29197,29593,28992,30308
794,29420,28820,28510,29648,28613,29823,28315,28785,29819,29419,29620,30028
795,27132,27615,30301,31051,29107,29446,29520,28979,28934,30671,28179,28779
796,26205,27892,27908,28695,30019,30149,28420,28973,28882,29285,28618,30119
797,26908,27685,28024,29371,28816,30039,28408,34727,28757,29791,29378,30112
798,26955,26521,28874,28599,28501,28883,28035,28936,30821,29459,28215,29722
799,27591,27495,27579,29102,29077,29489,28494,28349,28642,29661,28664,29148
800,26267,28268,29270,29587,29423,29073,28465,30352,29212,29641,27803,29448
801,27320,29703,29647,34969,30733,32854,30028,31771,30190,33772,30193,34042
802,26059,27387,28620,30114,29646,30090,27929,29986,29398,30665,28453,29903
803,28202,27365,27979,29094,28639,30155,28717,30655,29694,30630,28198,30260
804,26402,26941,28045,31027,29717,29589,27824,33447,29054,29949,29098,28510
805,26707,26629,28985,29419,28889,30580,28241,29004,29220,28923,29356,29196
806,26174,27298,28158,29459,29328,29946,28282,29058,28471,29267,29082,29666
807,25856,27781,27851,29923,29730,29579,27759,29024,29346,30995,29267,31141
808,28182,26988,28556,32636,29186,29328,30046,29124,28332,30433,28952,29522
809,25875,27565,28454,30784,29121,30355,28201,29771,29015,29533,29367,28632
810,26535,27978,28299,29254,28970,32288,28821,33522,29607,29200,28567,29961
811,26964,27159,28126,29153,29490,30505,28564,28803,30673,30431,28531,29712
812,28352,26876,30043,29243,28985,29466,29389,29101,29142,29635,28279,29220
813,26289,29017,28779,29508,30933,29958,28724,29817,28630,30347,28128,29926
814,26712,28076,28784,36377,29257,28897,27873,29173,29640,30726,29698,33270
815,26231,27082,28495,28145,28539,29535,28758,29281,30781,29771,28179,29329
816,25119,27429,27492,29081,29726,29855,33372,42056,29195,30232,28259,28813
817,27737,28244,30181,30041,29053,30558,28878,31730,31140,29349,28038,29126
818,27080,27803,28628,29754,31119,29831,28168,29196,29475,32187,30029,34310
819,26617,27720,27923,29138,29787,29160,28581,29527,29308,29092,28439,29405
820,27204,28178,28267,29248,28758,30215,29990,28521,29087,32069,29300,30588
821,27332,27622,28412,34075,30356,29322,28535,30619,30006,31877,29436,28668
822,26115,30197,28186,29217,29211,31822,29048,29574,28684,29462,30035,29648
823,25927,27858,28481,29966,29580,29858,28068,30050,30008,29311,29574,29294
824,27385,26857,29075,29811,28989,29455,28590,30646,29484,29941,28565,29398
825,25734,27968,29030,30575,29643,30128,30605,30502,29893,29634,29004,29553
826,26393,27425,29032,31385,30268,29409,28800,29847,29765,29237,29891,28805
827,26734,29096,29311,32182,30735,31627,28734,29397,28547,29793,28640,31440
828,27194,26920,27963,29429,29368,31694,27882,29748,30479,30198,28802,29355
829,26274,27405,30117,29354,29235,29429,29438,30995,28419,29588,28303,29135
830,26398,27595,28375,29152,30413,31093,28197,30577,28749,29850,28505,30048
831,27201,28673,27980,29841,28989,30122,28625,29395,29582,29323,29361,30331
832,26125,27447,28932,29160,29441,29527,29116,28810,29025,31299,28488,29595
833,28954,28524,28178,28914,29039,29332,28512,29576,29479,29393,28954,29225
834,26634,29119,30258,33881,29096,30419,29014,32057,28935,29688,28510,30982
835,26602,27585,28583,29755,30443,30640,28150,29490,28990,30610,29784,31647
836,27660,30279,28760,29694,29033,29987,28365,29446,29013,29688,28434,29739
837,27795,26968,29458,29154,29147,30128,30001,30239,29225,31410,28596,30248
838,26317,28361,28615,31379,30474,30313,28155,31399,29463,29363,29690,29598
839,26635,28474,28245,28917,29756,30218,28863,29256,28669,30249,29742,29972
840,28131,29486,27860,29527,28534,29740,28038,29945,30864,29730,29521,30769
841,26213,28166,28555,29866,29385,30323,31261,30481,29930,30128,28498,29071
842,27325,28744,29352,29191,29884,29567,30026,29518,29321,29747,29336,30190
843,27107,27514,28789,31525,31101,29711,29223,31846,28918,29099,30645,28316
844,26796,28015,28567,29480,29768,29800,28746,28823,29233,30426,29704,30561
845,27799,30196,28678,29616,28907,30429,27729,29929,30902,30146,28911,28996
846,28764,27107,30453,29684,29976,29549,29398,31862,29157,30205,28586,29409
847,28041,29325,46119,39335,29306,31770,28231,29807,28972,29302,29848,31349
848,27165,29420,45601,48155,29405,30237,28388,29712,28726,30212,29299,30898
849,26650,29570,45745,48191,29407,29085,28767,28868,29965,31315,28733,30166
850,25689,27776,45732,48939,29934,29741,29093,30753,29014,30089,29235,28732
851,26308,27769,51973,49132,29438,29707,28780,31242,29326,30014,28125,29912
852,27368,27655,29840,47319,29467,31864,28023,29227,28986,29657,29802,31070
853,26380,27386,28784,29384,30373,32465,28908,29211,30630,30264,28836,31064
854,27408,29703,28880,29654,28708,29725,29569,28922,28934,30293,29149,32363
855,27365,27183,28790,29166,30771,31542,28379,30131,28487,29587,28580,29821
856,26278,27556,27553,29829,29253,29985,29002,30290,28994,30151,30205,30971
857,26925,27947,28695,31899,29317,30207,28064,29374,30317,29315,29239,29092
858,27739,28650,28304,29305,29489,29509,28970,29597,30083,30266,29138,29813
859,26270,27615,28467,30084,28688,30442,30228,29298,30128,29531,29046,29311
860,26202,28081,30339,29688,30906,30646,27752,29925,29458,29509,30297,31082
861,26990,27327,28191,30064,29317,30564,28232,28668,29713,30183,29680,30224
862,27020,26648,28621,29759,29530,30830,28151,29698,29083,31420,29103,29565
863,27877,28436,28507,29888,31887,32857,30126,34190,29497,30402,28837,30030
864,27370,27561,28753,30488,29680,30337,28399,29804,28775,29587,30389,29049
865,27127,27255,30119,29097,28753,29752,28433,29666,29044,29930,28915,30215
866,26304,27904,28347,30115,29688,30451,28764,29105,29666,30387,30023,31903
867,28551,29135,28733,29575,30166,30939,28669,29393,29251,29676,28304,28919
868,27895,27444,28727,30038,31344,30081,29317,30969,29620,29812,29656,30221
869,26594,27813,29429,32141,29924,29806,28775,31080,28893,29556,28721,31448
870,27517,27931,28785,29119,29012,30367,28641,29731,30915,30343,30025,30121
871,28392,26490,28938,29771,30370,29679,29888,28998,29501,29739,28919,30313
872,28030,28742,29150,29677,29668,32158,28247,30400,28923,30369,28252,29979
873,26881,28055,28444,32416,29560,30558,29641,29652,29762,29454,29659,33641
874,29686,27990,29313,32202,28665,29655,28058,30451,29670,30611,28850,29998
875,28751,27852,28126,29953,29546,30285,28993,29825,29908,30648,28894,29647
876,28027,29170,28751,30612,29998,29235,30075,32462,28679,30212,28289,29295
877,26473,27077,29843,30833,29733,32290,28388,30207,29889,29817,30165,30116
878,25510,28290,28513,30470,29736,29512,28605,29003,28966,29410,29756,29299
879,28020,28686,29048,29580,28944,29546,28216,29288,29736,32067,28770,31234
880,26933,26685,27902,30240,30787,30709,29776,31463,30018,29481,28957,29745
881,27357,29983,29535,30975,29056,29932,28519,29464,29589,30284,30042,29952
882,27029,28224,29756,30956,29922,30033,28392,29970,30835,30925,29070,29859
883,27150,27472,28256,30005,30106,29770,28440,31032,29498,30491,29072,28985
884,25779,28415,29511,29812,29241,30740,28939,29784,29622,30022,28818,29863
885,28555,29124,29182,29823,30076,31428,29849,31294,29413,29409,30893,29158
886,27756,27118,29464,30513,29623,30723,28112,29893,29434,30297,29583,33776
887,26380,27864,27985,29722,29812,30404,28862,29768,30905,30624,29101,29143
888,27011,28355,29700,30512,31268,30766,29898,29284,29888,30368,29069,29454
889,28087,27024,28827,29523,29870,30111,28946,32328,30084,29367,29032,30453
890,27014,29236,30631,29818,29309,30144,28721,29206,29339,30465,29348,31360
891,26997,28541,29519,30792,29717,30137,28559,30109,30895,31648,29147,30833
892,27562,28218,29454,31318,29499,30162,28882,29624,29564,30690,28633,29540
893,26110,27809,29409,30146,31608,30552,29924,29428,29678,30984,28377,31093
894,28455,28661,29195,32085,29651,30284,29115,30846,29403,30627,30019,31217
895,29270,27638,29916,30069,29398,30770,28632,29525,31021,30445,28343,30378
896,25623,30207,28468,29773,29619,30059,28774,31926,29574,29930,28992,30152
897,27241,28638,29008,30179,29535,32921,29123,31257,29544,30371,29377,29330
898,27615,27417,29182,29996,30023,29694,27991,30029,29752,29554,30925,30886
899,27310,29693,29634,32284,28886,29888,29010,30067,30009,30949,29521,31512
900,27442,27889,29555,29926,30299,31077,29327,29439,29087,30054,28702,29757
901,27944,30600,30457,34036,31687,33755,30976,34952,30813,33735,30489,32752
902,26446,28920,31245,30001,30077,31231,28374,33251,29985,30583,30096,30444
903,27971,29368,28265,30603,28875,30014,28937,29277,29249,30271,29778,30015
904,26508,27950,29771,30520,29679,30057,29345,29196,29632,31830,28343,29564
905,26872,27984,29916,29881,29952,31717,29781,29302,29400,30059,29122,29641
906,27175,27687,29629,30993,29662,30567,28854,29364,29788,30276,30989,30760
907,27239,27096,30195,30835,29832,29857,28491,29112,31071,29923,29308,30106
908,27187,28831,29187,30079,29660,30182,29262,30108,29637,31075,29729,29027
909,27267,27686,29884,29665,30069,29602,28943,31474,30319,30173,28382,29764
910,27656,26984,32498,30839,29294,31862,29918,30857,29917,30596,29158,29853
911,26625,27838,29938,30902,29771,30394,28866,29439,30894,30683,29299,31698
912,28606,28516,28930,30897,29161,29652,28534,30036,29388,32487,29115,31877
913,27979,27428,29079,29594,31553,30207,29241,29522,30226,30452,29025,29039
914,25971,28843,28693,30401,29379,30442,28940,31875,29665,30053,28986,30038
915,27174,28362,30723,30067,29272,30420,29247,32347,30761,31114,29764,31281
916,28182,26256,29310,30778,29853,29503,29546,29585,29808,30955,28592,30078
917,27786,28642,29669,30419,33247,30937,29097,30137,33494,31063,30239,29521
918,27191,27864,29672,29853,30758,31395,30346,29894,29328,30459,28645,31675
919,27053,27412,29303,31524,29945,31497,28623,31059,29917,30580,30052,33113
920,26282,27561,29046,29687,29601,29929,29310,29629,30323,32028,28568,30125
921,29297,28581,28640,30252,30822,30015,28487,29585,30776,31077,28853,29709
922,28341,27192,29480,30883,29624,30994,30131,33244,29950,30006,29434,29611
923,28099,27833,28533,29730,28987,30591,28914,29964,29783,30981,30121,29834
924,27248,30733,29148,32304,29621,30182,29748,29851,30287,31528,29445,29726
925,27501,27877,29051,31512,29564,29396,30100,29443,30051,30175,28723,31012
926,28064,29419,28833,30355,31329,30434,28822,32085,30439,29965,29184,30229
927,28092,29320,30204,29708,30252,30052,30073,30431,29585,31055,30415,29356
928,27118,27638,28253,30631,29090,30306,29891,37387,31968,30958,29176,30747
929,26299,28784,29876,31580,30615,30446,28946,28880,29917,31133,30788,29494
930,29055,30451,28904,30251,29475,32853,30533,29852,29973,30543,28330,29841
931,27311,28834,29096,30561,30017,30293,29544,30179,29754,30517,30063,29383
932,26950,29011,30964,31240,29146,30067,28546,29242,30388,31821,28687,33131
933,27990,28469,29763,30567,30149,30967,30006,30244,29563,30322,29168,30003
934,26903,28353,32542,31038,31251,30234,30893,29631,29657,31389,29145,29429
935,28284,29992,30767,31178,30487,31801,30496,39077,29691,29747,29377,30455
936,30470,27852,29453,30970,30213,30076,28925,29994,31348,30685,29851,30937
937,27165,28833,29250,30086,29761,30576,28988,30399,29768,29999,28926,30161
938,27826,28151,29617,30168,30661,31359,30847,29439,29143,30600,29452,30878
939,28777,30103,29408,30559,30008,30262,29363,31261,29992,30040,28666,30612
940,27090,29142,31462,30619,29824,29972,29389,29883,31332,30679,29548,31053
941,28120,28526,28686,30385,30560,32936,29677,34823,29438,31144,28630,29585
942,27640,28914,29107,30540,30054,29683,29902,29579,29066,30929,28740,30184
943,27970,28933,28963,30182,29855,32080,30322,29874,29980,30884,29361,29426
944,28038,29347,29420,32211,29752,30266,28901,30658,29603,30247,29800,30299
945,27191,28100,29840,30103,29469,29943,28904,29841,29874,32177,29921,31077
946,28034,29273,29242,30640,32389,30469,28919,29954,30363,29763,28558,29714
947,28128,27513,29959,30137,30449,31423,29752,31115,29231,30650,29342,29839
948,27137,30601,28967,30463,29604,30896,28859,30048,30599,29707,30580,29252
949,27701,29142,29472,32159,29707,29965,29614,29585,29644,30946,29755,31646
950,28027,27892,28946,30462,29397,30667,28458,29496,30313,30215,29934,28794
951,26829,29074,30216,32028,30498,30771,29529,30102,29487,30977,28604,29964
952,28219,28250,30567,31547,29869,31020,29384,31437,32057,30945,30090,30731
953,27860,28712,29427,32165,30190,29952,29359,29913,30329,34275,29119,30591
954,27941,29828,28922,30613,31203,31038,29473,29510,29834,30561,29132,29861
955,28205,28941,30017,30802,30620,31541,30555,29753,29492,30295,29546,29498
956,29362,28750,29256,29961,29683,31327,29328,29677,30210,31328,29292,30458
957,27845,30320,29622,32344,30466,30725,29250,29397,30172,32392,29775,30203
958,28284,29278,29690,30473,29293,30601,29342,30185,30704,30759,29179,31590
959,27069,28432,29377,30736,31805,31374,29882,29154,30176,30025,29231,29818
960,28140,29205,31149,30428,29755,30913,30973,30531,30184,30635,28672,30194
961,29882,27315,28918,30688,30169,30913,29415,29551,31405,31378,30114,30477
962,26969,29469,29663,30690,30592,30380,29212,30282,30476,31370,28970,30197
963,27875,27993,29587,30328,30555,32154,29633,29848,30441,29745,29067,30320
964,27774,27954,30413,31650,29699,30884,29245,32075,29640,30482,29082,29660
965,28933,28645,32497,30525,30328,31412,29238,30471,30708,32034,31124,30962
966,27818,28303,29453,30875,30695,30993,29020,29754,29632,30739,29353,29934
967,27239,28003,29584,29874,31752,31277,28664,29771,30315,30222,28699,30223
968,27261,28514,30751,30708,30514,30932,30458,29337,29381,30896,29081,30321
969,31510,28091,30234,30913,29922,30791,28784,31321,32193,30947,30504,29910
970,27784,31263,29247,30763,30450,30377,29569,29942,30318,30853,29329,30799
971,27628,28313,29794,30832,30396,33485,28770,29751,30143,30438,29627,30557
972,28045,27173,29362,30640,30371,30973,30257,31204,29848,30143,29438,29861
973,26654,27974,32152,31130,29424,30272,29095,29741,31406,32920,30288,29487
974,28998,29467,29472,31097,29835,30178,29929,29756,30026,30807,28882,31083
975,27842,28440,31033,31260,30688,30771,29569,29272,29964,31400,29514,29949
976,26608,28484,29712,30875,30997,32329,28614,30033,30763,30156,28800,29557
977,27633,28500,30328,32793,29182,30519,30442,31846,31619,30825,29304,30170
978,29800,27469,30426,30861,29677,31157,28876,29522,30489,30587,29459,32898
979,28886,30461,29830,31907,29583,32147,29212,30132,29947,31288,29134,30839
980,28995,29174,29761,30867,30008,31306,29876,29189,30848,30230,29871,29460
981,27894,28706,32156,34465,29881,30461,29430,30989,31803,31367,29102,30000
982,28394,29059,29854,31032,30486,31568,29523,29332,30286,30474,30711,30612
983,28488,29842,30233,31495,31055,29935,29087,30424,29709,30650,28635,30143
984,27191,29148,29794,30882,31353,32708,29955,29744,30378,30946,28880,31685
985,28863,29435,30151,32738,30362,30170,30317,29706,31167,30849,28635,30169
986,27963,29176,30118,30602,29630,31036,29397,30648,30725,31415,31004,30460
987,28033,29641,29642,31620,31663,30879,29341,29783,29521,30753,29561,29665
988,28714,30254,30623,30467,30494,31029,29370,30104,29906,30928,28788,30401
989,27693,29349,30704,30602,30429,30222,29518,31408,31318,30736,29857,30518
990,28404,30314,30488,31612,29731,30544,28560,30265,30521,32192,30965,30109
991,29551,28565,29635,31092,30450,30083,29287,29979,37328,32192,30095,33615
992,28467,30819,29752,30467,30160,32708,28775,29759,30259,31423,28492,29950
993,28817,28209,29753,32496,30184,31164,29505,30433,30798,30527,29592,30245
994,27422,28677,29592,31111,29480,30531,30060,32193,31189,31415,30360,29894
995,29350,30786,28680,30529,32268,31148,29698,30458,29587,30903,29698,30954
996,29931,29047,31302,31012,29272,30473,29397,30077,30022,31133,29409,29985
997,28019,30382,30832,33152,30130,30646,31759,30569,31486,30571,28865,30713
998,28740,28691,29934,32476,29951,29775,30157,30112,30179,31244,29857,29342
999,27151,29242,29178,30443,29927,31413,29196,30071,29877,30456,29875,32397
